C1,C2,C3,ISO,Target
1742,0,427,AU,false
1821,0,124,AU,false
1742,0,508,AU,false
10152,0,548,AU,false
1415,342,843,IS,true
2296,0,97,GB,false
2002,0,258,GB,false
2761,0,42,GB,false
1955,0,477,AU,false
7161,0,686,US,false
1922,245,750,CO,false
3018,0,88,US,false
1592,130,915,CA,false
1374,300,604,CA,false
4089,1071,253,CA,false
2109,849,369,CA,false
3505,1103,747,CA,false
1678,0,874,US,false
1017,0,878,US,false
1860,0,832,US,false
1395,0,900,US,false
713,168,627,CA,false
1321,0,816,US,false
1561,0,861,US,false
1794,441,20,FR,true
1930,0,637,CA,false
871,0,934,US,false
2294,336,19,SK,false
937,0,957,US,false
2087,0,19,US,false
655,154,755,RU,false
789,231,183,RU,false
1351,0,687,US,false
2633,0,401,ES,false
777,0,436,US,false
5735,402,690,NL,false
1411,0,179,AU,false
2849,0,202,AU,true
2149,0,232,AU,false
887,0,589,AU,false
1200,0,116,AU,false
2221,0,904,AU,false
2001,261,134,GB,false
630,0,415,AU,false
1472,0,680,AU,false
1101,0,191,AU,false
3060,261,505,GB,false
1862,0,880,AU,false
803,0,190,AU,false
1946,0,687,AU,false
1051,0,356,HR,false
1176,0,575,RU,false
1031,0,729,AU,true
1054,0,674,AU,false
1606,0,250,AU,false
1009,0,698,EE,false
3400,0,11,AU,false
2305,0,925,AU,false
1706,0,488,AU,false
1793,0,956,AU,false
2465,0,780,AU,false
2718,0,219,AU,false
3188,720,144,GB,false
2017,0,762,AU,false
1890,0,195,AU,false
983,0,840,AU,false
2906,0,215,AU,false
5899,0,532,AU,false
1810,0,167,AU,false
3632,0,392,AU,false
2112,195,942,NO,false
2305,0,382,AU,false
6851,0,779,AU,false
4423,0,371,AU,false
3039,0,45,AU,false
1817,0,521,AU,false
2094,0,490,NO,false
1778,0,629,AU,false
2652,0,547,AU,false
1516,0,739,AU,false
1053,0,125,AU,false
8428,0,727,AU,false
8047,0,690,AU,false
2552,0,564,AU,false
3326,0,507,AU,false
2508,0,561,AU,false
1019,0,103,AU,false
3246,0,921,AU,false
2085,0,569,AU,false
2904,0,529,AU,true
1527,129,939,CA,true
2405,0,90,AU,false
2250,0,260,AU,false
1191,0,139,AU,false
3082,0,312,AU,false
4857,0,684,BA,false
1912,0,181,AU,false
2180,0,291,AU,false
6204,0,902,SE,false
5753,0,532,AU,false
2338,0,996,AU,false
1380,0,134,AU,false
3380,0,592,AU,false
2111,0,41,AU,false
2316,0,467,AU,false
2999,0,495,NZ,true
5129,0,214,AU,false
18137,0,609,AU,false
5383,1695,660,AU,false
6999,0,51,NZ,false
1360,0,39,AU,false
949,0,282,AU,false
6180,399,10,US,false
1383,0,663,AU,false
976,0,504,AU,false
1833,0,616,NO,false
1829,182,177,GR,false
958,0,828,US,false
1593,0,139,US,false
1351,0,196,US,false
477,0,469,US,false
1351,0,148,US,false
10799,4327,593,SK,false
6005,0,937,AU,false
2986,0,481,RU,false
939,65,698,CA,false
4599,0,940,NO,false
1946,0,579,AU,false
3702,0,550,AU,false
6802,0,242,AU,false
2305,0,655,AU,false
2569,0,265,RU,false
691,0,155,AU,false
2591,0,558,AU,false
1935,0,221,AU,false
2476,0,185,AU,false
2560,0,525,AU,true
1629,0,306,AU,false
1824,0,103,AU,false
1725,0,199,AU,false
4395,0,858,AU,false
6123,0,510,AU,false
1524,0,977,AU,false
1917,0,985,AU,false
1403,0,919,AU,false
1236,0,597,AU,false
1069,0,85,AU,false
2257,0,247,NO,false
4029,0,928,AU,false
1273,0,423,AU,false
3148,1060,691,DE,false
1633,0,326,AU,true
1168,0,971,AU,false
1079,0,523,AU,true
1542,0,201,AU,false
2089,0,111,AU,false
5032,0,313,AU,false
2332,0,948,AU,false
2099,0,200,AU,false
2672,0,281,AU,false
1747,0,542,AU,false
1002,0,771,AU,false
2119,0,784,AU,false
1331,0,966,AU,false
5753,0,294,AU,false
952,0,901,NL,false
3026,0,471,AU,false
976,0,854,AU,false
3302,0,992,AU,false
3178,0,171,AU,true
2577,0,322,AU,false
1445,0,575,AU,false
6107,0,39,AU,true
1620,0,577,AU,false
2771,0,607,AU,false
1477,0,350,IS,false
703,0,187,AU,false
1383,0,405,AU,false
12361,0,15,AU,false
5899,0,644,AU,false
3498,0,115,AU,false
1390,0,389,AU,false
1033,0,352,AU,false
1747,0,205,AU,false
1654,0,719,AU,false
1508,0,816,AU,false
1588,0,35,AU,false
3126,0,329,AU,false
4319,0,934,AU,true
1560,0,795,AU,false
2298,0,701,AU,false
1650,136,173,IL,false
2268,0,979,AU,true
3588,0,57,AU,false
3126,0,275,AU,false
4430,0,721,AU,false
1556,0,217,AU,false
2456,0,647,AU,false
4594,0,348,AU,false
3454,0,799,AU,false
6856,0,45,AU,false
4765,0,674,AU,false
979,0,403,AU,false
4294,0,601,AU,true
1782,0,789,AU,false
2004,0,585,AU,false
1803,0,14,AU,false
1866,0,2,AU,true
2244,0,911,NO,false
2069,0,299,AU,false
2086,282,495,SE,false
6851,0,715,AU,false
2057,0,137,AU,true
4093,0,180,AU,false
1812,0,185,AU,false
1366,0,892,AU,true
2175,0,285,AU,false
1972,0,389,AU,false
1351,0,835,AU,false
2440,0,369,AU,false
2452,0,496,AU,false
4074,0,106,AU,false
3067,0,549,AU,false
820,0,485,AU,false
1946,0,276,AU,false
3706,1695,888,AU,false
14017,0,394,AU,false
6274,0,503,AU,false
2149,0,20,NZ,false
2180,0,859,NZ,false
1717,0,147,NZ,false
4188,0,69,AU,false
3191,0,996,AU,false
14579,399,303,US,false
2061,0,793,GB,false
1390,0,343,GB,false
2589,0,393,LV,false
2299,0,382,AU,false
4307,0,731,AU,false
1725,0,448,US,false
1309,300,941,CA,true
3476,1532,848,SG,false
3950,0,646,BY,true
1920,0,646,US,false
1578,0,459,US,false
1875,0,910,US,true
1974,714,172,PT,true
1785,0,80,US,false
18214,8050,979,SK,true
4637,0,876,US,false
1934,0,846,AU,false
1058,0,188,AU,false
1125,0,971,GB,false
1674,0,755,AU,false
2101,0,616,AU,false
4617,0,909,AU,false
880,0,730,AU,false
10402,1121,687,TW,true
5590,0,488,AU,false
2206,0,101,AU,false
1286,0,525,AU,false
1345,0,81,NO,false
2211,0,818,AU,false
1019,0,817,AU,false
1290,0,162,AU,false
1401,0,738,AU,false
3577,0,574,AU,false
1053,0,265,AU,true
2436,188,872,NO,false
1858,0,193,AU,false
2400,0,826,AU,false
1526,0,962,AU,true
2174,0,845,AU,false
1592,0,398,AU,false
1992,0,969,AU,false
4332,0,831,AU,false
1038,0,71,AU,false
2135,0,871,AU,false
3542,0,908,AU,false
16392,0,418,AU,false
3323,355,782,GB,false
4423,0,91,AU,false
4225,0,706,AU,false
2955,0,598,AU,false
974,0,13,AU,false
2416,0,870,AU,false
3764,0,420,AU,false
10386,634,159,TW,false
1031,0,247,AU,false
1653,0,262,AU,false
2247,0,754,AU,false
1579,0,973,AU,false
3954,0,714,AU,false
2658,0,816,AU,false
1479,0,76,AU,false
965,0,112,AU,true
1507,0,442,AU,false
3044,0,396,AU,true
6044,0,551,AU,true
1858,0,904,AU,false
1187,0,216,AU,false
1248,0,971,CH,false
2406,0,505,AU,false
2769,0,864,AU,false
18135,280,878,GB,false
1996,402,910,ES,false
981,32,397,IL,false
1479,0,354,AU,false
2075,0,166,AU,false
4952,0,977,AU,false
2573,0,74,AU,false
1169,0,607,AU,false
2882,0,874,AU,false
4411,0,147,AU,false
3708,0,937,AU,false
2304,224,488,DK,false
2223,0,849,AU,false
2595,0,733,AU,false
1378,0,298,AU,false
1943,0,65,AU,false
1365,0,553,AU,false
1421,0,932,AU,false
1914,0,732,AU,false
4301,0,532,AU,false
3794,0,520,AU,false
906,0,99,AU,false
1037,0,201,AU,false
2416,0,942,GR,false
2155,0,95,AU,false
1456,0,331,AU,false
3158,0,436,AU,false
1566,0,314,MT,false
2529,360,46,GB,false
3577,0,57,AU,true
2923,0,675,NO,false
2482,0,317,AU,false
1819,0,960,AU,false
1819,0,381,AU,false
3002,0,610,AU,false
2856,0,171,AU,false
4765,0,757,AU,false
1329,0,848,AU,false
1751,0,304,AU,false
1992,0,143,AU,false
2079,0,984,AU,false
1957,0,419,AU,false
2498,0,112,AU,false
3702,0,364,AU,false
1531,0,912,AU,true
1957,0,61,AU,false
1824,0,949,AU,false
1499,0,484,NZ,false
4077,0,661,NZ,false
1899,0,212,NZ,false
1355,0,74,NZ,false
1349,0,503,NZ,false
2049,0,899,NZ,false
2399,0,553,NZ,false
4649,0,414,NZ,false
6599,0,905,NZ,false
2869,0,474,AU,false
11666,0,855,AU,false
1599,0,981,AU,false
7045,0,948,NZ,false
4680,0,188,NZ,false
2520,0,51,AU,false
1834,0,270,AU,false
1749,0,677,NZ,false
2299,0,432,NZ,false
3399,0,129,NZ,true
2949,0,570,NZ,false
4897,0,671,NZ,false
3195,0,619,AU,true
1636,0,726,AU,false
4205,0,221,AU,false
2482,0,669,AU,true
1592,0,724,GB,false
2521,0,743,GB,false
3771,0,613,GB,true
1955,0,951,AU,false
1361,0,570,US,false
3033,0,266,ES,false
1819,399,923,FI,false
1465,294,145,IL,false
1716,0,461,US,false
3249,0,454,AU,false
2397,0,490,AU,false
8579,0,229,AU,true
3065,0,940,AU,true
1498,0,808,AU,false
2065,177,887,RU,false
1442,0,582,AU,true
2198,0,85,AU,false
2818,0,379,AU,false
2224,0,436,AU,false
1260,0,888,AU,false
2430,0,944,AU,false
3196,264,953,LV,false
11020,0,616,AU,false
3547,1230,128,DE,false
944,0,898,AU,false
1650,0,912,AU,false
936,0,244,AU,false
3015,0,436,AU,false
2632,0,99,AU,false
1415,0,957,AU,false
1557,0,294,AU,false
1521,0,987,AU,false
1483,0,111,AU,false
1046,0,222,AU,false
1064,0,228,AU,false
1633,81,342,ZA,false
1365,0,452,AU,false
4082,0,519,AU,false
27347,5209,794,SG,false
1030,0,424,AU,false
1639,0,911,RU,false
2954,0,492,AU,false
3547,1230,161,DE,false
1013,0,635,AU,false
2596,0,623,AU,false
821,0,123,AU,false
18690,0,744,AU,false
4843,0,29,AU,false
6436,0,863,AU,false
3027,0,143,AU,false
1573,0,960,AU,false
3830,0,951,AU,false
2650,0,435,AU,false
1045,0,703,AU,true
2731,0,452,AU,false
2215,468,266,NO,false
2498,0,994,AU,false
5775,0,495,AU,false
20358,0,468,AU,false
2722,0,448,AU,false
2503,0,296,AU,false
1998,261,605,GB,false
2827,0,830,AU,false
2180,0,337,AU,false
15519,320,932,NZ,false
2467,0,685,AU,true
2845,0,631,AU,false
2596,0,823,AU,false
1476,0,967,DK,false
821,0,967,GR,false
1310,0,684,AU,false
4564,729,298,IL,false
1881,0,516,AU,false
1692,0,122,AU,false
3200,0,685,AU,false
2015,0,926,AU,false
1970,0,425,AU,false
1571,0,742,AU,false
6887,0,271,AU,false
2572,270,488,GB,false
1266,0,830,AU,false
1022,0,385,AU,false
1102,0,854,AU,false
1737,0,764,AU,false
8458,0,827,AU,false
1994,0,850,AU,false
1870,0,705,AU,false
2833,0,749,NO,false
1929,0,890,AU,false
1616,0,178,AU,false
1604,0,373,FR,false
2235,0,498,AU,false
5630,0,110,AU,false
1494,0,612,AU,false
9079,0,647,AU,false
2037,0,794,NZ,false
659,0,262,AU,false
1385,0,836,AU,false
1353,0,540,AU,false
2684,0,743,AU,false
1393,0,249,AU,false
1588,280,62,GB,false
3761,0,932,AU,false
8549,0,153,NZ,false
2149,0,521,NZ,false
3393,0,533,NZ,false
2299,0,441,NZ,true
1593,0,581,NZ,true
2799,0,85,NZ,false
1887,0,388,AU,false
8302,0,606,AU,true
19002,399,32,US,false
10999,0,156,AU,false
2649,0,685,NZ,false
1373,0,609,AU,false
949,0,410,AU,true
3849,0,321,NZ,false
1399,0,401,NZ,false
4999,0,745,NZ,false
2030,0,542,NZ,false
1949,0,606,NZ,false
2608,0,644,NZ,false
2372,0,791,NZ,false
1264,0,234,NZ,false
1720,0,333,NZ,false
2296,0,221,NZ,true
2600,0,206,AU,false
595,0,932,US,false
871,0,864,US,false
1097,0,33,US,false
3253,0,861,IL,false
22743,0,67,RU,false
3656,0,519,GB,false
1698,0,275,US,false
1398,0,561,US,false
1774,0,188,US,false
5430,0,527,AU,false
856,0,333,AU,false
1721,0,588,BR,false
3994,267,172,HR,false
3084,0,990,AU,false
3049,0,270,AU,false
1480,0,228,AU,false
1294,0,910,AU,false
598,0,231,AU,true
2079,0,214,NZ,false
1509,0,988,AU,false
1685,0,846,AU,false
1536,0,182,AU,false
3072,0,850,AU,false
2523,0,524,AU,false
4050,0,311,AU,false
3090,0,194,AU,false
3713,0,888,AU,false
2030,0,141,AU,false
5856,1163,684,TH,false
3084,0,724,AU,true
5588,0,608,AU,false
1209,0,38,AU,false
2093,0,261,AU,false
2818,0,620,AU,false
2093,0,442,AU,false
2318,0,818,AU,false
1421,0,573,AU,false
2101,0,527,AU,false
4029,0,864,AU,false
1359,0,669,AU,true
2041,0,943,AU,false
4025,0,908,AU,false
2014,0,768,AU,true
1995,0,430,AU,false
1558,0,260,AU,false
1542,0,67,AU,false
4225,0,944,AU,false
6169,0,334,AU,false
2107,0,847,AU,false
1199,0,89,AU,false
2097,63,73,SG,false
2632,0,593,AU,false
1031,0,609,AU,false
3013,0,243,AU,false
1692,0,138,AU,false
1932,0,441,AU,false
2091,0,147,AU,false
2099,0,835,AU,false
686,0,538,AU,false
1846,0,720,AU,false
7872,0,848,AU,false
1019,0,623,AU,false
3315,0,221,AU,false
7500,0,600,AU,false
1375,0,415,AU,false
1391,0,480,AU,false
3075,261,391,NO,false
3925,280,116,GB,false
1062,0,684,AU,false
2149,0,965,NZ,false
2399,0,183,NZ,false
2499,0,800,NZ,false
3440,0,546,AU,false
917,0,191,AU,false
16946,399,719,US,false
2347,0,940,AU,false
2631,0,402,AU,false
12915,0,181,AU,false
14089,0,821,AU,false
5462,0,971,AU,false
1914,0,64,AU,false
2599,0,474,NZ,false
5999,0,436,NZ,false
1799,0,21,NZ,false
1599,0,479,NZ,false
2149,0,919,NZ,false
3030,0,160,NZ,false
2890,0,771,NZ,true
1435,0,211,NZ,false
3464,0,69,GB,false
1687,0,427,GB,false
4763,810,485,FR,true
2506,239,375,MT,true
26435,0,759,RU,false
4138,742,57,CH,false
1879,0,262,US,false
2161,0,473,US,false
1853,225,630,SE,false
1149,0,719,AU,false
3317,0,1,AU,false
1054,0,558,AU,false
1800,0,595,GR,false
2465,0,289,AU,false
1883,0,141,AU,true
1733,0,86,AU,false
1054,0,367,AU,false
1783,0,198,AU,false
4877,0,468,AU,false
2594,0,121,AU,false
680,0,90,AU,false
1038,0,622,AU,true
1978,0,18,AU,false
4061,0,739,AU,false
1187,81,881,IL,false
2467,0,86,NZ,false
2186,0,718,NZ,false
4765,0,875,AU,false
2467,0,171,AU,false
967,0,370,AU,false
2922,0,507,AU,true
1097,0,308,AU,false
1200,0,293,AU,false
1953,0,804,AU,false
23812,1429,643,TR,true
1200,0,983,AU,true
884,0,891,AU,false
1290,0,88,AU,false
1009,0,654,AU,true
3322,0,646,AU,false
3702,0,381,AU,false
1919,0,430,NZ,false
2399,0,756,AU,true
1750,0,499,AU,false
17960,0,684,RU,false
1103,0,506,AU,true
2727,0,471,RU,false
943,0,405,AU,true
943,0,454,AU,false
2919,0,982,AU,false
1264,0,580,AU,false
2461,0,178,AU,false
3702,0,172,AU,false
4105,764,661,IL,false
803,0,25,AU,true
2667,0,519,AU,false
9370,0,651,AU,false
739,65,695,TH,false
1163,0,351,AU,false
1583,0,421,AU,false
2596,0,837,AU,true
1923,0,129,AU,false
2059,0,923,AU,false
2133,0,385,AU,false
17001,0,14,AU,false
1660,0,797,AU,false
15000,0,19,AU,false
1629,0,194,AU,false
2109,0,518,AU,true
2671,0,93,AU,false
1949,0,109,AU,false
2357,0,246,NO,false
1949,0,688,AU,false
2771,0,871,AU,false
1637,0,352,AU,false
1592,0,858,AU,false
4967,0,145,AU,false
13132,0,29,NO,false
1107,0,253,AU,false
1691,0,560,AU,false
1751,0,356,AU,false
1037,0,736,AU,false
1646,123,790,CA,false
2658,0,390,DE,false
2073,0,297,AU,false
3377,0,139,AU,false
7093,0,970,NZ,false
1484,0,193,AU,false
2836,0,930,NZ,false
1923,0,937,MT,false
3866,0,440,AU,false
2749,0,925,NZ,false
1815,0,620,NZ,false
1899,0,453,NZ,false
2449,0,29,NZ,false
7045,0,475,NZ,false
4199,0,770,NZ,false
2180,0,367,NZ,false
2593,0,41,NZ,false
3863,0,476,AU,false
7708,0,686,AU,true
7092,0,749,AU,false
11399,0,71,AU,false
1014,0,601,GB,false
3091,0,786,US,false
1832,0,529,US,false
1851,0,987,US,true
1578,0,985,US,true
1739,0,846,US,false
2497,0,212,US,false
3575,581,425,TH,false
1131,0,161,AU,false
1143,117,239,TH,false
4582,0,102,AU,false
598,0,794,AU,false
2632,0,179,AU,false
955,0,259,AU,false
1882,0,310,AU,false
2029,0,566,DE,false
2095,187,973,DK,false
2771,0,402,AU,false
2137,0,884,AU,false
5937,0,189,AU,false
1685,0,636,AU,false
1038,0,388,AU,false
1619,0,658,RU,false
1030,0,4,AU,false
3481,0,170,AU,false
2790,0,186,AU,false
2752,0,21,AU,false
1494,0,719,AU,true
3154,0,484,AU,false
3047,0,724,AU,false
1924,0,407,AU,false
1660,0,215,AU,false
1301,0,435,AU,true
1729,0,336,AU,false
2375,1233,476,TH,false
2504,0,30,UA,false
4391,0,289,AU,false
2623,0,216,AU,false
1393,0,508,AU,false
1132,0,713,AU,false
2158,0,971,AU,false
2353,0,40,AU,false
2510,0,26,AU,false
4391,0,139,AU,false
2562,0,417,AU,false
4952,0,682,AU,false
801,0,213,AU,false
2131,194,908,CA,false
848,0,346,AU,false
6291,0,395,AU,false
703,0,408,AU,false
3702,0,189,AU,false
4300,0,921,AU,false
2818,0,797,AU,false
6208,0,869,GB,true
1001,0,332,AU,false
1478,0,486,AU,false
2373,0,253,AU,false
4423,0,438,AU,false
5933,0,46,AU,false
1386,98,946,CA,false
4023,0,558,AU,true
2366,0,101,AU,false
2627,0,893,AU,false
3040,0,67,AU,false
2258,0,247,AU,false
2512,0,88,AU,true
2812,0,458,AU,false
1204,0,916,AU,false
2818,0,277,AU,false
2048,0,27,AU,false
2899,0,24,NZ,false
1399,0,219,NZ,false
2049,0,943,NZ,false
2299,0,958,NZ,false
2629,0,720,NZ,false
18138,0,65,AU,true
17548,0,756,AU,false
11020,0,780,AU,false
2836,0,23,AU,false
38866,0,424,NZ,false
4452,0,843,AU,false
1999,0,215,NZ,false
1899,0,495,NZ,false
7549,0,472,NZ,false
2099,0,525,NZ,false
3766,0,725,NZ,false
4024,0,50,NZ,false
8963,399,429,US,false
1875,0,712,AU,false
2998,0,662,AU,false
1913,0,171,AU,false
11346,399,293,US,false
7140,0,41,AU,false
2292,0,139,GB,false
4191,0,283,GB,false
1955,0,135,AU,false
1955,0,11,AU,false
1086,286,997,HN,false
3894,0,858,US,false
1303,0,330,US,false
1395,0,546,US,false
3771,0,415,US,false
4321,2093,971,CA,false
2082,0,721,US,false
1535,0,968,US,true
11553,0,910,US,false
2737,0,587,US,true
2129,0,969,US,false
1967,0,128,US,false
923,0,715,US,false
5373,0,440,US,false
1866,0,932,US,false
1009,0,745,US,false
1038,0,782,US,false
2236,0,161,AU,true
2542,0,26,AU,false
2567,0,50,AU,true
2768,0,721,NO,false
2190,0,260,AU,false
2544,0,446,AU,false
3849,0,134,AU,false
1038,0,547,AU,false
5699,0,183,AU,false
1770,0,564,AU,false
1676,0,63,AU,false
1539,0,133,AU,false
1841,0,963,AU,false
2809,0,107,AU,false
2273,0,361,AU,false
867,0,895,AU,false
4390,0,770,AU,true
3093,0,583,CA,true
1817,0,143,AU,false
3832,0,475,AU,false
1016,0,752,AU,false
1667,0,13,AU,false
1296,0,487,AU,false
856,0,132,AU,false
2866,0,129,AU,false
3182,0,278,AU,false
3007,0,125,AU,false
1392,0,878,AU,false
2117,0,565,AU,false
4196,1723,830,TH,false
9272,0,700,AU,true
2484,0,836,AU,false
2818,0,577,AU,false
3901,0,456,AU,false
1981,0,465,AU,false
1924,0,735,CY,false
3707,0,791,AU,false
1791,0,419,AU,false
17884,0,853,AU,true
1213,0,433,AU,false
2392,0,552,AU,false
1053,0,606,AU,false
1451,0,545,AU,true
4068,0,901,AU,false
1408,0,216,AU,false
2915,0,3,AU,false
1867,0,123,AU,false
1031,0,305,AU,false
809,0,688,AU,false
1038,0,336,AU,false
2818,0,188,AU,false
1591,0,559,AU,true
2005,0,930,AU,false
1356,0,639,AU,false
2197,0,770,AU,false
2076,0,880,AU,false
6012,2813,799,GB,true
1849,0,271,NZ,false
1849,0,958,NZ,false
1715,0,763,NZ,false
2340,0,875,AU,false
5652,0,767,AU,false
23099,0,709,AU,false
1399,0,572,NZ,false
18238,399,483,US,false
9339,399,42,US,false
2397,0,446,AU,false
9820,0,109,AU,false
6937,0,60,AU,false
6436,0,158,AU,false
3499,0,471,NZ,false
5599,0,525,NZ,false
2549,0,740,NZ,false
3762,0,335,AU,false
7059,0,715,RU,false
5387,0,565,NZ,false
945,0,309,US,false
3494,0,797,US,true
1078,0,364,US,true
5054,0,743,US,false
1303,0,852,US,false
1284,0,500,US,false
1117,217,840,CA,true
4778,0,472,US,false
7349,399,404,US,true
3050,399,430,PR,false
1472,0,536,US,false
1785,0,329,US,false
871,0,432,US,false
733,0,258,US,false
1050,0,6,US,false
1216,0,793,US,false
871,0,26,US,false
983,0,365,US,false
5499,0,697,US,false
1673,0,967,US,false
2018,0,113,US,false
2384,0,439,US,false
1546,0,328,US,false
1645,0,283,US,false
1191,0,423,US,false
2064,0,492,US,false
4637,0,546,AU,false
1947,0,959,AU,false
2789,0,303,AU,false
1839,0,136,AU,false
4569,0,859,AU,false
2091,0,97,AU,false
2193,0,128,AU,false
7468,0,555,AU,false
3435,0,396,AU,false
1004,0,540,MT,false
2195,0,696,AU,false
19646,0,375,AU,false
5240,0,857,AU,false
2703,0,908,AU,false
1569,0,550,AU,false
1817,0,282,CA,false
2819,0,414,AU,false
6592,2374,340,CA,false
959,0,729,CA,false
1166,0,793,CA,false
10557,314,521,HK,false
2445,0,754,AU,false
5162,0,652,AU,false
5990,0,604,AU,false
3392,0,610,AU,false
1854,0,156,AU,true
1883,0,488,AU,false
2865,0,875,AU,true
3299,0,231,AU,false
1856,0,513,AU,false
2505,0,684,AU,false
4543,0,371,AU,false
5543,1958,895,CA,false
3345,0,666,AU,false
2325,0,599,AU,false
1647,0,389,AU,false
1332,0,16,AU,false
1030,0,804,AU,false
8503,0,141,AU,false
4346,0,452,AU,false
3098,0,318,AU,true
2345,0,984,AU,true
1042,0,839,AU,false
4362,0,83,AU,false
1168,0,31,AU,false
2818,0,850,AU,false
1038,0,872,AU,false
2818,0,922,AU,false
1895,0,667,AU,false
1641,0,388,AU,false
1030,0,368,AU,true
846,0,500,AU,false
4201,0,204,AU,false
1428,0,377,AU,false
2839,0,335,AU,false
2788,0,974,AU,false
2399,0,496,NZ,false
1403,0,658,AU,false
5499,0,42,AU,false
4838,0,875,AU,false
3799,0,255,NZ,false
1399,0,979,NZ,false
3999,0,305,NZ,false
15026,0,989,AU,false
3199,0,60,AU,false
32392,0,231,AU,true
1253,0,855,AU,false
3073,0,180,NZ,false
4939,0,729,NZ,false
3438,0,228,AU,false
1599,0,777,AU,false
93180,0,707,AU,false
3745,0,450,AU,false
1955,0,192,AU,false
3022,0,595,AU,false
2194,0,577,US,false
2093,570,624,CL,false
8223,0,657,US,false
4837,0,869,US,false
1668,0,603,US,false
703,0,641,US,false
1578,0,751,US,false
3874,0,498,US,false
1178,0,714,US,false
8252,0,95,US,true
1648,0,388,US,false
1958,300,513,BR,false
751,0,253,US,false
1837,0,200,US,false
4812,0,519,US,false
2048,0,78,US,false
1837,0,803,US,false
2009,0,560,US,false
1387,0,421,US,false
1697,0,959,US,false
2146,930,446,MX,false
4468,1946,838,MX,false
2157,476,915,MX,false
2333,798,845,MX,false
4746,2197,817,MX,false
2722,980,930,MX,false
486,0,326,US,false
1260,0,829,US,false
1009,0,827,US,false
627,0,256,US,false
3544,0,433,MX,false
2046,0,920,US,false
2127,0,595,US,true
2852,0,30,US,false
1122,0,212,US,false
2600,0,759,US,true
1806,0,514,US,false
2869,0,949,US,false
2334,0,411,US,false
3427,1134,265,DK,false
1274,0,351,US,false
6777,399,293,US,false
2652,399,417,US,false
2401,0,286,AU,false
2595,0,686,AU,false
3975,0,473,AU,false
1902,0,815,AU,false
1571,0,235,AU,false
3495,0,130,AU,true
3162,0,361,AU,true
1618,0,687,AU,false
2656,0,817,AU,false
1162,0,349,AU,false
7200,0,273,AU,false
2739,0,60,AU,false
2101,0,677,AU,false
3577,0,335,AU,false
7812,0,280,AU,false
3526,0,298,AU,false
3073,0,146,AU,false
18091,580,102,CA,false
2087,0,622,AU,false
1978,0,915,AU,false
24568,0,790,AU,false
2366,0,787,AU,false
1541,0,844,AU,false
1135,0,964,AU,true
1039,0,718,AU,false
3992,0,971,AU,false
1491,0,989,AU,false
2640,0,60,AU,false
11379,0,244,AU,false
1649,0,95,AU,false
1393,0,612,AU,false
1545,0,779,AU,false
1935,0,292,AU,false
1390,0,541,AU,false
3222,0,665,TH,false
2422,0,773,AU,false
1744,0,705,AU,false
3128,0,449,AU,false
1799,0,183,AU,false
7197,991,451,CA,false
3968,0,928,AU,false
2253,0,577,AU,false
1942,276,614,NO,false
3285,0,479,AU,false
1571,0,588,AU,false
2595,0,861,AU,false
2499,0,75,AU,false
2166,0,675,AU,false
1428,0,151,AU,false
1031,0,804,AU,false
2113,0,916,AU,false
3299,0,168,AU,false
1496,0,954,AU,false
4641,0,612,AU,false
2536,194,50,CA,false
3470,373,453,GB,false
1371,0,156,AU,false
1888,0,889,AU,false
1899,0,490,AU,false
2198,0,323,AU,false
2384,0,727,AU,false
2430,0,910,AU,false
4773,0,753,AU,false
14952,399,130,US,false
2599,0,686,NZ,true
2185,0,881,NZ,false
3903,0,560,AU,false
13242,2495,722,AU,false
2999,0,688,NZ,true
11359,0,576,AU,false
2273,0,756,AU,false
11235,0,189,AU,false
5709,0,787,AU,false
3449,0,257,AU,false
2395,0,812,NZ,true
2799,0,118,NZ,false
3100,0,932,NZ,false
3451,0,662,AU,false
1582,0,198,AU,false
1150,0,801,AU,false
8636,0,436,AU,false
907,0,75,AU,false
2160,0,514,AU,false
3000,0,84,AU,false
1955,0,984,AU,false
2428,0,943,US,false
1290,0,60,US,false
910,0,659,US,false
1395,0,991,US,false
969,0,907,US,false
910,0,322,US,false
1739,0,963,US,false
3189,0,408,US,false
5567,0,86,US,false
731,0,959,US,false
1625,0,451,US,false
2861,0,946,US,false
2046,0,918,US,false
1716,0,935,US,false
2402,0,505,US,false
871,0,185,US,false
1386,0,972,US,true
1284,0,805,US,false
1440,0,558,US,false
792,0,359,US,false
777,0,808,US,false
802,0,120,US,false
5546,0,12,GB,false
2451,0,154,US,false
627,0,827,US,false
11622,0,331,CL,false
6705,0,845,US,false
2549,0,78,US,false
775,0,886,US,true
2326,0,133,US,false
8253,0,563,US,false
4155,0,507,US,false
1949,0,562,US,false
1392,0,114,AU,false
2609,0,121,AU,false
1030,0,282,AU,false
1946,0,279,AU,false
2878,0,768,AU,false
1032,0,90,AU,false
2811,0,798,AU,true
2947,0,355,AU,true
2918,0,564,AU,false
2463,0,536,AU,false
3201,0,105,AU,false
4135,0,173,AU,false
2481,0,350,NZ,false
2890,0,93,AU,false
924,0,622,AU,false
2275,0,992,AU,false
2397,0,254,AU,false
2072,0,894,AU,false
1030,0,702,AU,false
1774,0,292,AU,false
2244,0,238,AU,false
1692,0,907,AU,true
2212,0,96,AU,false
6196,0,658,AU,false
6002,0,640,AU,false
2248,0,253,AU,false
1881,0,49,AU,false
991,0,667,AU,false
3206,0,228,AU,false
7558,0,341,AU,false
996,0,427,AU,false
2342,0,48,AU,false
2245,0,67,AU,false
1198,0,851,AU,false
2454,0,571,AU,false
2117,0,200,AU,false
848,0,658,AU,false
2774,0,712,AU,false
3048,0,607,AU,true
6996,361,124,TH,false
3462,0,899,AU,false
2644,0,963,AU,false
1891,0,219,AU,false
4023,0,503,AU,false
2727,0,591,AU,false
2519,0,696,AU,false
2284,0,921,GB,false
1702,0,234,AU,false
1272,0,166,AU,false
2799,0,58,NZ,false
2999,399,607,US,false
5799,399,25,US,false
1599,0,13,AU,false
4549,0,34,NZ,false
6284,0,523,AU,false
19096,0,635,NZ,false
44800,0,362,AU,false
30280,0,169,AU,false
17998,399,961,US,false
6237,0,747,AU,false
1955,0,551,AU,false
1138,0,748,US,false
896,0,250,US,false
1800,0,28,US,false
1122,0,278,US,false
1920,0,33,US,false
1464,0,134,US,false
2497,0,245,US,false
1923,0,462,US,false
2293,0,566,US,false
12737,0,605,US,false
2129,0,402,US,false
1742,0,193,US,false
4360,0,49,US,false
1741,0,203,US,false
1053,0,416,US,false
5652,0,80,US,false
1300,0,790,US,false
1584,0,297,US,false
501,0,530,US,false
5084,0,396,US,false
1355,0,766,US,false
751,0,992,US,false
1466,0,961,US,false
1666,405,340,CA,false
1418,409,804,CA,true
1382,0,223,US,false
2700,0,5,US,false
1449,0,96,NZ,false
2499,0,789,NZ,false
1849,0,130,NZ,false
6099,0,372,AU,false
2431,0,901,AU,false
2350,0,780,AU,false
4462,0,710,AU,true
2757,0,470,AU,false
1851,0,539,AU,true
1899,0,26,AU,false
1883,0,642,AU,false
1175,0,975,AU,false
1445,0,747,AU,false
5382,0,418,AU,false
838,0,225,AU,false
1151,0,516,AU,false
694,0,793,AU,false
2989,0,420,AU,false
1547,0,858,AU,false
1038,0,520,AU,false
3829,0,162,AU,false
2658,0,403,AU,false
6114,0,201,AU,true
2101,0,193,AU,false
1030,0,869,AU,false
1433,0,780,AU,false
1935,0,3,AU,false
2238,0,40,AU,false
2409,0,734,NZ,false
7647,0,585,AU,false
1411,0,517,AU,false
2739,0,556,AU,false
645,0,926,AU,false
1936,0,596,AU,false
2960,0,999,AU,false
861,0,612,AU,false
1144,117,641,IL,false
1198,0,679,AU,false
7317,0,129,AU,true
11014,0,355,AU,true
2547,0,592,MX,false
1397,0,55,AU,false
1592,0,720,AU,false
4996,0,193,AU,false
3552,0,181,AU,false
1096,0,718,AU,false
2779,0,7,AU,false
7566,0,672,AU,false
2671,0,721,AU,false
2855,0,646,AU,false
1754,0,801,AU,false
3247,0,406,AU,true
2989,0,502,AU,false
2290,0,896,AU,false
3973,0,503,AU,false
1231,0,502,AU,true
1747,0,6,AU,false
1603,0,613,AU,false
1030,0,596,AU,false
3772,0,803,AU,false
2603,0,901,AU,true
1380,0,889,AU,false
1063,0,789,AU,false
2039,0,989,AU,false
1769,0,695,AU,false
1912,0,315,AU,false
5801,0,726,AU,false
946,0,958,AU,false
3299,0,674,NZ,false
5262,0,186,NZ,false
2399,0,468,NZ,true
2640,0,229,NZ,false
3984,399,149,US,false
13786,0,767,AU,true
1496,0,239,AU,false
19365,399,647,US,false
20892,0,149,AU,false
2897,0,10,GB,false
3256,0,846,GB,false
2844,0,992,US,false
1466,314,245,PR,false
2312,0,732,US,false
2817,0,715,US,false
2899,0,997,PR,false
2678,0,512,US,false
4488,0,751,US,false
1464,0,665,US,false
1078,0,878,US,false
1447,0,709,US,false
1877,0,571,US,false
2635,0,468,US,false
5946,0,768,US,true
1743,0,381,US,false
2003,0,330,US,false
1466,0,845,US,false
1329,0,94,US,false
1658,376,193,CA,false
1494,0,816,US,false
1466,0,766,US,false
3028,0,221,US,true
2250,0,301,US,false
4780,0,737,US,false
1417,0,294,US,false
802,0,953,US,false
1602,0,463,US,false
2049,378,220,CA,false
802,0,25,US,false
4176,0,497,US,true
2209,0,230,US,false
1175,0,895,US,false
709,0,939,US,false
1006,0,796,US,false
5961,0,683,US,false
11719,399,807,US,false
2467,0,185,AU,true
1575,0,258,AU,false
3512,0,252,AU,false
1001,0,459,AU,false
2039,0,456,AU,false
1487,0,531,AU,false
1978,0,995,AU,false
1529,0,129,AU,false
1393,0,499,AU,false
1583,0,329,AU,false
5112,0,766,AU,false
3249,0,591,AU,false
3582,0,339,AU,false
2112,0,125,AU,false
1129,0,338,AU,false
3250,0,304,AU,false
1989,0,731,AU,false
4679,0,154,AU,false
1946,0,351,AU,false
6099,0,282,AU,false
2281,65,216,AR,false
1851,0,569,AU,false
1454,0,873,AU,false
3866,0,474,AU,false
3690,0,154,AU,false
13180,0,661,CA,false
5720,0,170,AU,false
961,0,288,AU,false
8050,0,949,AU,false
1335,0,449,AU,false
9856,1186,991,NZ,false
2500,0,788,AU,false
2908,0,66,AU,false
2995,0,157,AU,false
1786,0,392,AU,false
10399,0,33,AU,false
8055,0,100,AU,false
1694,0,616,AU,false
2528,0,807,AU,false
6099,0,798,AU,false
4838,0,902,AU,true
6099,0,952,AU,true
1950,0,970,AU,true
2242,186,872,CA,false
1398,0,842,AU,false
2224,0,146,CA,false
2381,0,205,AU,false
1458,0,583,AU,false
1499,0,242,NZ,false
1449,0,348,NZ,false
4438,0,449,NZ,false
1991,0,400,AU,false
2219,0,562,AU,false
1263,0,82,NZ,false
1263,0,507,NZ,false
2986,0,908,AU,false
949,0,685,AU,false
1758,0,854,AU,false
15217,399,56,US,true
21697,399,392,US,false
14952,399,953,US,false
1432,0,578,AU,false
4849,0,415,NZ,false
1649,0,685,NZ,false
3799,0,288,NZ,false
2660,0,301,NZ,false
1349,0,137,NZ,false
3103,0,902,NZ,false
14315,0,904,NZ,true
7400,2495,68,NZ,false
5686,0,152,AU,false
850,0,286,GB,false
4650,0,70,GB,false
1847,0,763,US,false
2199,0,867,US,false
1823,0,610,US,false
1078,0,791,US,false
1742,0,542,US,true
984,0,193,US,false
1280,409,795,CA,false
2114,0,366,US,false
1621,0,811,US,false
1440,0,124,US,false
1533,0,65,US,false
956,0,118,US,false
4225,0,660,US,false
1967,0,475,US,false
3214,0,96,US,false
738,0,558,US,false
2118,0,734,US,false
3201,0,925,US,false
373,0,982,US,false
1880,0,327,US,false
889,0,374,US,false
2894,0,180,US,false
1353,0,49,US,false
1398,0,325,US,false
871,0,740,US,false
2570,0,138,US,false
2062,0,967,US,false
1742,0,138,PR,false
2322,0,921,US,false
2959,0,258,US,false
1199,399,626,GR,false
831,0,569,US,false
2236,0,177,US,false
1509,0,251,US,false
3106,0,174,AU,false
3696,0,49,AU,true
2420,0,372,AU,false
3145,0,631,AU,false
973,0,638,AU,false
5820,0,446,AU,false
2501,0,740,AU,false
1187,0,55,AU,false
2095,0,382,AU,true
919,0,762,AU,false
2881,0,56,AU,false
1240,146,209,CA,false
4364,842,469,BR,false
869,0,34,AU,false
1428,0,428,AU,false
2734,0,827,AU,false
744,0,869,AU,true
1400,0,79,GB,false
4445,0,675,AU,false
5665,0,127,AU,false
2593,0,336,GB,false
2818,0,255,AU,true
871,0,814,AU,false
1456,0,170,AU,false
1725,0,920,AU,true
1745,0,954,AU,true
2091,0,856,AU,false
644,0,673,MT,false
1383,0,93,AU,false
3300,0,704,AU,false
2024,0,555,AU,false
968,0,219,AU,false
1125,0,170,AU,false
2658,187,253,NO,false
2280,0,277,AU,false
2091,0,2,DE,false
1394,0,544,EE,false
32027,0,328,AU,false
1477,0,333,EE,false
860,0,387,AU,false
914,0,349,AU,false
1946,0,156,AU,false
1030,0,823,AU,false
1383,0,243,AU,false
2290,0,208,AU,false
1842,0,770,AU,false
4530,0,771,AU,false
1380,0,720,AU,false
4405,0,739,AU,false
1792,0,566,AU,false
3732,728,104,GB,false
7663,0,884,AU,false
2749,0,868,NZ,false
2599,0,534,NZ,true
4599,0,347,NZ,false
2549,0,787,NZ,false
1260,0,835,NZ,false
7903,0,794,AU,false
2984,0,566,AU,false
9071,0,621,NZ,false
4147,399,710,US,false
1599,0,908,AU,false
681,0,871,NZ,false
32499,0,376,AU,false
8658,0,303,AU,false
6600,0,376,AU,true
21431,2495,428,GB,false
13627,0,750,NZ,false
2070,0,407,AU,false
3299,0,985,NZ,false
2258,0,55,NZ,false
939,0,182,AU,false
1354,0,962,GB,false
6749,0,642,GB,false
2474,0,546,US,false
831,0,605,US,false
1819,0,584,US,false
2816,0,652,US,false
870,0,138,US,false
558,0,764,US,false
2588,0,280,US,false
1212,0,455,US,false
1523,0,122,US,false
2796,0,227,NL,false
1533,0,213,US,false
1093,0,7,US,false
738,0,219,US,false
1671,0,110,US,false
670,0,122,US,false
802,0,336,PR,false
3280,399,295,IT,false
2040,0,580,US,false
1009,0,364,US,true
1216,0,700,US,false
762,0,31,US,false
1989,0,285,US,false
1568,0,150,US,true
1769,0,291,US,false
1611,0,189,CA,false
1303,0,975,US,false
1893,0,829,US,false
1923,0,972,US,false
2693,299,14,FR,true
1207,139,518,CA,false
2316,0,715,AU,false
3396,0,926,HU,false
2596,0,162,AU,false
1390,0,750,AU,false
1163,0,794,AU,false
1532,0,341,NZ,false
3049,448,330,GB,false
3503,0,207,AU,false
3676,0,962,AU,false
1132,0,421,AU,false
2310,0,353,AU,false
1565,0,914,CA,false
3903,0,195,GB,false
1357,0,486,CA,false
3729,0,489,AU,false
2918,0,921,AU,true
4410,0,110,AU,false
2831,0,802,AU,false
1010,0,249,AU,false
2429,0,524,AU,false
1030,0,711,AU,false
8132,465,800,GB,false
1030,0,798,AU,false
1592,0,974,GB,false
1053,0,319,AU,false
1169,0,300,GB,false
4006,0,828,AU,true
3063,0,40,NZ,false
1751,0,308,AU,false
8564,0,505,AU,false
4915,0,822,AU,false
3567,0,84,AU,false
4972,0,192,AU,false
2898,465,907,GB,false
4965,0,497,AU,false
3159,0,291,AU,false
4168,0,62,AU,false
2008,0,569,AU,false
4820,0,249,AU,false
2623,0,617,AU,false
6345,0,481,AU,false
1715,0,601,RO,false
2991,0,90,AU,false
1774,0,301,AU,false
14236,3520,914,CA,false
1011,0,660,AU,false
2335,0,328,AU,false
5647,0,301,AU,false
1002,0,776,AU,false
7462,0,32,AU,false
9748,399,637,US,false
2172,280,822,GB,false
2686,0,896,NZ,false
1449,0,624,NZ,true
1449,0,795,NZ,false
2654,0,501,NZ,true
3701,0,375,NZ,true
3116,399,607,US,false
8283,2495,172,IT,false
2299,0,804,AU,false
1800,0,732,AU,true
4349,0,678,NZ,false
2499,0,297,NZ,false
1899,0,548,NZ,false
2499,0,748,NZ,false
1676,0,279,NZ,false
2505,0,566,NZ,false
1263,0,249,NZ,false
1860,0,638,GB,true
2106,0,891,GB,false
1955,0,194,AU,false
772,0,663,US,false
3887,0,851,US,false
2227,0,203,US,false
9734,0,202,US,true
1954,0,20,US,false
1880,0,560,US,false
2170,0,465,US,false
1078,0,808,US,false
1106,0,164,US,false
2550,165,856,DE,false
1455,0,796,US,false
2114,0,421,US,false
1560,0,837,US,true
3550,605,125,PL,false
2376,245,839,IT,false
2854,0,825,FR,false
662,0,134,US,false
1736,0,119,US,false
5164,0,57,US,false
1736,0,24,US,false
20410,0,942,US,false
2217,0,682,CA,true
3311,0,484,CL,false
1024,0,73,US,false
1038,0,35,US,false
1295,0,13,US,false
2335,0,933,US,false
2734,0,616,US,false
1215,413,304,CA,false
2252,0,237,US,false
2198,0,769,US,false
6795,0,491,AT,false
1962,339,411,GB,false
1002,0,389,AU,false
2498,0,703,AU,false
1194,0,854,AU,false
1485,0,914,AU,false
1781,0,680,AU,false
4896,0,703,AU,false
4238,490,236,BR,false
1411,0,160,AU,false
2674,0,927,AU,false
3140,0,169,AU,false
1088,0,884,AU,false
2180,0,282,NO,false
1161,0,403,AU,false
1774,0,132,AU,false
4215,1300,880,AR,false
1978,0,544,DK,false
13480,1050,422,GB,false
2334,0,126,AU,false
2789,374,591,MX,false
11275,701,105,GB,false
2754,0,683,AU,false
1507,468,30,IL,false
1024,0,424,AU,false
8319,0,787,CH,false
1429,0,145,CA,false
1298,0,675,AU,false
1920,0,534,AU,false
1081,114,72,CA,false
2581,0,568,AU,false
971,0,142,AU,false
1067,0,597,AU,false
6987,0,62,AU,false
1380,0,817,AU,false
15546,399,966,US,false
1585,0,10,NZ,false
1555,0,498,NZ,false
3299,0,379,NZ,false
1699,0,727,NZ,false
3549,0,401,NZ,false
4588,300,91,DE,false
2391,399,123,US,false
2521,0,525,GB,false
2521,0,865,GB,false
4375,728,713,DK,false
8660,0,773,AU,false
1509,0,273,GB,false
3464,0,240,GB,false
2088,0,113,GB,false
3199,0,991,NZ,false
3054,0,815,NZ,false
1549,0,577,NZ,false
2634,0,631,NZ,false
1720,0,792,NZ,false
2449,0,382,NZ,false
1068,266,133,CA,false
1215,413,84,CA,false
1009,0,413,US,false
1122,0,86,US,false
1586,0,925,US,false
1464,0,796,US,false
1010,0,815,US,true
984,0,316,US,false
664,0,668,US,false
1395,0,862,US,false
1580,0,366,US,false
1144,0,198,US,false
909,0,467,US,false
2150,0,95,US,true
2701,498,618,MT,false
5074,0,881,US,true
4207,0,179,US,false
4996,0,470,CA,false
2298,0,333,FR,false
1593,0,106,US,false
2207,947,19,NL,false
1967,0,408,US,false
868,0,585,US,false
1466,0,458,US,false
2010,0,428,US,false
1604,0,15,US,false
2522,0,446,US,false
5588,0,336,HR,false
1604,0,368,US,false
8140,0,971,IL,false
1467,183,139,GB,false
1213,0,914,US,false
2976,0,109,US,false
1713,0,855,US,false
1515,0,268,US,false
1603,0,404,US,false
978,0,263,US,false
2129,0,363,US,true
1941,0,534,US,false
2199,599,894,GB,false
18140,0,179,FI,false
4484,0,359,AU,false
1698,0,222,AU,true
2528,0,985,BR,false
1689,0,723,NO,false
1803,0,870,AU,false
1542,0,29,AU,true
909,0,724,AU,false
4503,0,496,RU,false
1922,0,915,NZ,false
4844,270,935,GB,false
906,0,523,NO,false
1707,0,526,AU,true
1016,0,289,IT,false
776,0,765,SE,false
1654,0,934,GB,true
1334,0,861,AU,false
7020,0,953,IT,false
1039,0,369,AU,false
5016,0,436,HR,false
2569,468,976,SE,false
6092,0,622,AU,false
3137,0,32,HR,false
7360,0,23,IT,false
3489,290,145,NO,true
11570,780,549,RU,false
2621,0,140,NO,false
1893,0,729,FI,false
2005,591,587,NO,false
2099,0,591,NZ,false
4471,450,948,GB,false
2511,0,696,GB,false
2757,0,704,BG,false
3244,0,120,CA,false
1151,0,950,NO,true
38859,399,965,US,true
1299,0,788,NZ,false
1699,0,290,NZ,false
2299,0,423,NZ,true
2299,0,424,NZ,false
1599,0,259,NZ,false
5196,0,110,NZ,false
6029,0,770,NZ,false
5778,399,633,US,false
6787,0,110,AU,false
2849,0,387,NZ,true
4499,0,369,NZ,false
3647,0,535,GB,false
2519,0,840,GB,false
1282,0,147,GB,false
1079,0,239,GB,true
1079,0,219,GB,false
7090,0,13,GB,false
3803,0,281,US,false
940,0,223,US,false
2259,0,724,US,true
1297,0,743,US,false
631,0,603,US,false
1395,0,775,US,false
1469,347,310,GB,false
2547,0,914,US,false
4000,0,589,US,false
1207,336,963,NL,false
2390,0,995,CA,false
1438,0,248,US,true
7778,0,768,US,false
5526,0,360,US,false
7992,0,941,US,false
4453,0,636,MX,false
3597,0,614,US,true
1053,0,959,US,true
1464,0,688,US,false
2187,721,443,BE,false
915,0,229,PR,false
1736,0,366,US,false
15860,399,892,US,false
16705,399,669,US,false
1742,0,677,US,false
1713,0,850,US,true
1196,0,63,US,false
593,0,543,US,false
1940,0,763,US,false
1674,0,614,GB,false
3268,0,805,US,false
611,0,771,US,false
1053,0,415,US,false
1946,0,949,US,false
913,0,303,US,false
2412,0,226,US,false
3204,0,576,RU,true
1136,0,913,MT,false
1483,123,161,CA,false
5350,0,845,AU,false
1927,0,608,AU,false
1857,0,954,NO,false
1427,0,650,AU,true
1038,0,773,AU,false
1411,0,843,AU,false
1240,65,72,CA,false
2014,270,789,GB,true
13045,1828,351,GB,true
2366,0,566,RU,false
2887,0,604,AU,false
1859,0,391,EE,false
1208,0,996,RU,false
4047,0,403,IE,true
1591,427,699,GB,false
2909,373,653,GB,false
674,0,117,AU,false
9266,1032,346,IL,false
949,0,536,NL,false
2167,0,79,PT,true
1304,0,685,SE,false
1743,0,310,NO,false
3947,651,719,TR,false
1875,0,872,GB,false
2313,257,108,IL,false
615,25,201,ZA,false
1573,0,851,NZ,true
2749,0,371,NZ,true
1349,0,387,NZ,false
1724,0,14,NZ,false
2185,0,798,NZ,false
2185,0,32,NZ,false
2185,0,436,NZ,false
2549,0,999,NZ,false
3135,0,57,GB,false
1568,0,102,GB,false
1079,0,428,GB,false
1079,0,212,GB,false
1780,0,181,GB,false
3424,0,539,GB,false
1657,557,607,IL,false
3464,0,686,GB,false
1671,0,587,US,false
1284,0,971,US,false
1698,0,171,US,false
1420,0,519,US,false
1447,0,322,US,false
775,0,461,US,false
1620,0,865,US,false
2404,0,280,US,false
1466,0,547,US,false
2069,371,869,NO,false
871,0,601,US,false
2362,0,596,US,false
1296,0,921,US,true
846,0,142,US,false
3285,399,416,SG,false
910,0,623,US,false
1780,0,105,US,false
2872,0,384,US,false
1395,0,354,US,false
1533,0,276,US,false
11249,299,68,FR,false
4587,299,814,FR,false
1580,0,858,US,false
511,0,975,US,false
10166,0,807,GB,true
2721,0,557,US,false
1576,168,330,IL,false
871,0,258,US,false
595,0,942,US,false
1260,0,579,US,false
1433,0,535,US,false
1560,0,953,US,false
1772,0,293,US,false
1949,0,5,US,false
1010,107,458,CA,false
4001,0,662,US,false
982,0,469,US,false
4313,1630,950,NO,false
2699,298,830,ZA,false
6039,1746,219,NO,false
2451,373,692,GB,false
1848,222,179,DK,false
5429,0,188,NO,false
2242,0,959,RU,false
877,0,531,NO,false
7004,0,466,IE,false
1995,0,85,SI,true
5750,465,426,GB,false
4211,0,334,EE,false
1732,149,511,BR,false
1296,0,710,PT,false
693,49,899,IL,false
711,55,687,IL,false
1226,0,979,PT,false
2074,179,414,HR,false
2652,0,67,NO,false
1120,0,553,IT,false
1630,0,899,AU,false
2500,94,113,FR,false
3808,373,66,GB,false
1751,0,232,RO,false
4685,465,828,GB,false
1889,0,648,AU,false
2431,374,862,NL,false
2638,0,554,GB,false
1789,155,771,CA,false
2749,0,667,NZ,false
4024,0,732,NZ,false
3227,399,909,US,false
10181,399,691,US,false
2699,0,952,NZ,false
3464,0,880,GB,false
3557,0,150,GB,false
1486,0,945,GB,false
7682,0,599,GB,false
3464,0,880,GB,false
4362,0,327,US,false
1074,0,299,US,false
1660,0,752,US,false
6354,1211,591,CA,false
3745,0,468,US,false
738,0,573,US,false
3276,0,676,US,true
1569,0,686,US,false
595,0,959,US,true
3842,805,43,CA,false
3472,0,186,US,false
693,0,155,US,false
1695,0,278,US,false
3647,721,882,CA,false
3907,0,258,US,false
871,0,967,US,false
1323,0,61,US,false
2799,230,461,CA,true
2360,0,212,US,false
1464,0,881,US,false
3117,0,829,US,false
1860,0,837,US,false
5822,0,452,US,false
1716,0,56,US,false
3243,371,9,NL,false
2194,728,662,NO,false
1989,0,506,US,false
3238,0,659,US,false
1535,0,978,US,false
3231,819,661,CA,false
761,0,757,US,false
3458,0,441,US,false
2165,0,570,US,false
10256,1307,859,MV,false
7745,413,207,GB,true
835,0,209,US,false
2267,0,102,US,false
1351,0,70,US,false
1296,0,409,US,false
2895,855,156,GB,false
2915,0,283,US,false
4808,373,985,GB,false
6459,1324,165,IL,false
2920,468,270,NO,false
2307,0,656,DE,false
3845,0,37,SE,false
1070,0,804,IT,false
2479,0,942,RU,true
3232,465,677,GB,false
1587,0,381,AU,false
3882,0,149,AU,false
2364,355,417,GB,false
11312,0,584,AU,false
1061,0,339,DK,false
2102,270,188,GB,false
948,68,531,CA,false
2054,99,397,KR,false
1895,197,778,DK,false
5260,0,206,GR,true
2387,169,927,HR,true
2234,0,755,IT,false
3807,0,6,AU,false
1161,0,320,SE,true
2568,299,35,FR,false
16790,399,791,US,false
6650,694,717,US,false
14177,399,504,US,false
7775,0,125,AU,false
1784,0,838,GB,false
1684,0,798,GB,false
3648,0,633,GB,false
1222,0,848,GB,true
3464,0,414,GB,false
1750,0,245,GB,true
6932,0,926,US,false
5331,0,402,US,false
1902,0,299,US,true
11345,0,76,US,false
1576,0,762,US,false
5668,0,789,US,false
1372,0,149,US,false
3214,0,736,US,false
2998,0,649,TH,false
1711,0,701,US,false
2153,0,480,US,false
2168,0,820,US,true
1395,0,272,US,false
1216,0,798,US,false
1248,0,706,US,false
2926,0,232,US,false
915,0,66,US,false
1535,0,170,US,false
2105,421,632,CA,false
1180,0,494,US,false
2569,0,702,RU,false
1986,0,903,AU,false
1500,0,835,AU,false
880,0,750,AU,false
1472,0,736,PL,false
2233,0,232,AU,false
5743,0,789,CY,false
1594,0,911,GB,false
1948,0,206,PT,false
1062,0,727,AU,false
3212,373,958,GB,true
1745,0,660,AU,false
2014,270,923,GB,false
22421,650,608,MY,false
1216,0,253,BR,false
951,0,336,BE,false
8785,0,107,AU,false
1046,0,10,DE,false
2818,0,235,AU,false
2170,0,378,NO,false
2567,0,75,AU,false
1051,0,28,DE,false
17632,399,855,US,false
3274,300,997,DE,false
1494,0,256,GB,true
1693,0,901,GB,false
1099,0,820,DE,true
802,0,477,US,false
1337,0,694,DE,false
670,0,895,US,false
2171,0,758,US,false
1369,0,363,US,false
1593,0,69,US,false
7840,0,43,BR,false
891,273,200,NL,false
1535,0,422,US,false
1713,0,217,US,true
1698,0,338,US,false
738,0,473,US,false
1260,0,948,US,true
884,0,760,US,false
4696,1827,913,CA,false
1862,0,510,US,false
1048,0,480,US,false
1610,0,528,GB,false
2399,0,722,US,false
2412,0,965,US,false
1214,0,847,US,false
1106,0,409,US,false
1464,0,159,US,false
3286,0,349,US,false
2431,0,201,US,false
2115,0,692,US,false
1105,0,331,US,false
1794,0,60,US,false
2235,0,174,US,false
2062,0,778,AU,false
1014,0,207,DE,false
6062,342,946,CA,false
1467,155,121,SG,false
1153,68,789,IL,false
1852,0,903,AU,false
7200,0,62,AU,false
4579,0,47,AU,false
7805,0,335,AU,false
18638,0,953,AU,true
698,0,98,AU,false
2276,0,280,RU,false
3442,275,449,GB,false
4478,155,20,KR,false
1301,0,342,AU,false
1530,0,313,AU,false
2103,369,883,GB,true
1056,0,964,FI,false
7656,0,369,CA,false
1951,0,349,AU,false
1055,81,313,IL,false
4364,0,813,EE,false
1234,0,641,AU,true
1869,0,867,AU,false
1793,0,697,AU,false
1570,99,455,AR,true
2832,0,378,HU,false
3327,299,96,FR,false
13193,2495,414,CZ,false
6749,2495,16,CH,true
1479,280,578,GB,false
2040,280,836,GB,false
9999,0,693,AU,true
2008,0,640,GB,false
3477,0,940,GB,false
830,0,93,GB,false
1806,0,312,GB,false
3464,0,105,GB,false
1255,0,196,GB,false
4444,0,775,GB,false
10729,0,963,US,false
1257,0,335,US,false
1858,0,698,US,false
1147,0,253,US,false
2287,0,535,US,false
7737,324,886,CA,true
1808,0,30,US,false
1152,0,603,US,false
1980,0,198,US,true
4962,0,336,US,false
2652,0,609,US,false
1009,0,547,US,false
3621,0,925,US,false
1841,0,645,US,false
2428,0,930,US,false
6211,0,867,US,false
1009,0,105,US,false
1239,0,197,US,false
1631,330,798,CA,false
1782,0,399,US,false
871,0,399,US,false
3721,0,991,US,false
1785,0,243,US,false
2601,0,705,US,false
3316,435,213,GB,false
871,0,704,US,false
802,0,458,US,true
3426,0,368,AU,true
2880,0,871,GB,false
1577,0,252,AU,false
8002,0,951,BY,false
2241,0,807,AU,false
1351,0,781,AU,false
17376,2925,583,HK,false
1583,0,57,AU,false
2694,0,837,AU,false
5966,525,393,GB,false
1692,0,932,AU,false
2677,0,177,AU,false
5122,0,989,AU,false
2581,0,200,RU,true
3350,0,910,GB,false
1607,0,489,AU,true
1732,0,104,AU,false
3084,0,581,AU,false
3077,0,103,AU,false
2024,0,739,AU,false
1664,0,114,AU,false
3062,0,522,RU,false
2595,0,892,AU,false
1479,0,248,AU,false
2818,0,696,AU,false
1016,0,996,GR,true
1333,0,667,AU,false
1542,0,715,AU,true
2818,0,576,AU,false
1976,0,522,AU,false
13873,1050,739,GB,false
1378,44,353,CA,false
1341,16,62,CA,false
7468,0,6,AU,false
2326,300,563,DE,false
32027,0,637,AU,false
1845,0,53,AU,false
2002,0,267,GB,false
1313,0,611,GB,false
1840,0,207,GB,false
1716,0,445,GB,false
3135,0,602,GB,false
1034,0,439,GB,false
1955,0,918,AU,false
4551,0,502,US,false
2733,0,288,US,false
1523,210,948,CA,false
1983,0,421,US,false
3764,0,483,US,false
3601,441,394,FR,false
1491,413,137,IL,false
1535,0,57,US,false
1168,300,863,NL,false
1695,0,892,US,false
1641,0,189,US,false
2293,0,567,US,false
2293,0,69,US,false
355407,0,215,JP,false
1188,0,469,GU,false
2570,0,979,US,false
1464,0,394,US,false
2313,0,671,BR,false
2596,0,201,US,false
1573,0,785,US,false
1032,0,107,AU,false
1341,16,978,CA,true
1669,0,617,AU,false
1031,0,926,AU,false
2199,0,44,AU,false
6498,0,510,AU,true
9229,0,302,AU,false
1908,0,142,AU,false
1570,0,984,AU,false
1981,0,431,AU,false
5279,0,341,PL,false
1561,0,607,AU,false
1612,0,461,AU,false
1895,0,304,AU,false
3983,0,622,AU,false
2432,0,92,AU,false
2596,0,146,AU,false
1796,0,955,AU,false
2958,0,838,AU,false
3696,0,330,AU,true
4108,0,731,AU,false
2008,0,918,AU,false
984,0,876,AU,false
6142,0,386,AU,true
7338,0,457,SE,false
1025,0,206,AU,false
6950,0,806,AU,false
4635,0,467,AU,false
1256,0,623,PT,false
1291,0,642,PT,false
1198,0,590,AU,false
1441,0,437,AU,false
3123,0,989,AU,false
9417,0,875,AU,false
1938,0,733,AU,false
2595,0,46,AU,false
1198,0,293,AU,false
3669,0,150,AU,false
1107,0,215,AU,false
3232,0,747,AU,false
2069,0,257,AU,false
1038,0,168,AU,false
2605,0,877,AU,true
1816,0,150,AU,false
2927,0,970,AU,false
6082,0,76,AU,false
7616,0,728,AU,false
4154,223,158,CY,true
2199,0,446,CY,false
1347,270,52,GB,false
5855,0,989,AU,false
2369,270,326,GB,false
5096,0,298,AU,false
2627,0,729,AU,false
8680,0,169,AU,false
1363,0,652,GB,false
1582,0,874,AU,false
1038,0,736,AU,false
2085,0,131,AU,false
2657,308,869,CA,false
1626,0,331,AU,false
2080,0,476,AU,false
3109,0,76,NO,false
5426,0,158,AU,false
28598,0,317,AU,true
8082,0,612,AU,false
19770,0,786,AU,true
1634,0,419,AU,false
3727,0,901,AU,false
5299,399,344,US,false
5135,2495,427,HK,false
7643,1790,31,TH,false
1693,0,745,GB,false
1079,0,890,GB,false
1309,0,204,GB,false
1555,0,880,US,false
1138,0,887,US,true
13588,0,942,LV,true
1604,0,913,BR,false
983,0,876,US,false
1167,0,438,US,false
2431,0,437,US,false
2877,0,369,US,false
13588,0,85,LV,false
1118,0,291,US,false
871,0,767,US,false
733,0,969,US,false
1696,288,509,GB,false
2658,0,950,AU,false
3068,0,483,AU,false
1590,0,627,AU,false
6234,289,572,CY,false
2747,0,238,AU,false
1335,0,376,NO,false
1386,0,12,AU,true
1219,0,845,AU,false
3613,0,952,AU,false
2818,0,490,AU,false
2319,0,738,AU,false
3752,0,620,AU,false
4266,339,135,GB,false
10994,0,0,AU,false
2709,0,786,AU,false
3212,0,931,AU,false
3871,0,614,AU,false
4870,0,304,AU,false
1875,151,253,HR,false
1099,0,70,AU,false
2559,0,53,AU,false
1074,0,379,AU,false
1353,0,735,AU,false
1329,0,549,AU,false
2078,0,824,AU,false
1390,0,711,GB,false
6203,0,98,AT,false
4512,0,473,AU,true
3261,497,102,IL,false
1682,0,690,AU,false
558,0,186,AU,false
949,0,342,AU,false
9910,0,823,AU,false
9467,0,572,AU,false
2355,0,453,GB,false
2905,0,465,RU,false
2789,0,762,AU,false
1144,0,295,AU,false
9073,0,756,AU,false
3499,0,712,AU,false
2126,0,726,AU,false
2295,0,387,AU,false
3488,0,824,AU,false
2260,498,174,RU,false
1380,0,888,AU,false
1339,0,323,AU,false
943,0,140,AU,false
1350,0,757,AU,false
943,0,136,AU,false
6978,0,770,AU,true
797,0,415,AU,false
2366,0,961,AU,false
1296,0,528,AU,false
3205,540,394,JO,false
2101,0,732,AU,false
3261,0,368,AU,true
3976,0,410,AU,false
3994,0,479,AU,false
10339,0,424,AU,false
1948,0,740,AU,false
1828,0,246,AU,false
2129,0,15,AU,false
2049,405,80,GB,false
1184,0,382,AU,false
2774,0,537,AU,false
1422,0,766,AU,false
4632,0,722,AU,false
4283,0,831,AU,false
3407,373,296,GB,false
1301,65,142,CA,false
2622,0,34,AU,false
2032,0,370,AU,true
2834,0,727,AU,false
2032,0,489,AU,false
2095,380,758,GB,false
1819,63,10,TR,false
1204,0,366,AU,false
1215,0,877,AU,false
1053,0,374,AU,false
2022,0,218,AU,false
1635,0,781,AU,false
1504,0,880,AU,false
1639,0,691,IT,false
1832,0,223,AU,false
4227,0,20,AU,false
845,0,373,AU,false
3939,65,913,BR,false
1694,0,0,AU,true
4099,0,793,NZ,false
2491,399,71,US,false
2260,0,223,AU,false
1376,0,605,AU,false
1381,280,495,GB,false
8878,0,953,AU,false
6340,0,669,AU,false
1587,0,126,AU,false
5772,0,385,AU,false
4201,0,178,AU,false
9627,0,932,AU,false
5110,0,110,AU,false
4191,0,701,GB,false
1786,0,334,GB,false
2049,0,42,GB,false
988,39,799,MT,false
1395,0,809,US,false
3640,714,185,GB,true
871,0,239,US,false
1464,0,875,US,false
4106,0,476,AU,false
5095,1695,176,AU,false
7204,2495,61,NL,false
1408,0,578,AU,false
2207,0,443,AU,false
1937,0,214,AU,false
10709,0,91,AU,false
2490,0,802,AU,true
1904,0,427,AU,false
3752,0,895,AU,false
1030,0,172,AU,false
1846,0,211,AU,false
917,0,466,AU,false
1140,0,953,GB,false
1861,0,920,AU,true
1889,272,901,JO,false
2230,0,848,AU,false
1885,0,1,AU,false
1837,167,394,JO,true
2439,261,488,SG,false
1950,0,735,AU,false
2439,261,567,SG,false
1479,0,166,AU,false
4778,0,58,AU,true
2927,0,616,AU,false
1393,0,181,AU,false
2401,0,901,AU,false
838,0,503,AU,false
1948,0,444,AU,false
1081,0,912,AU,false
2867,0,338,RU,false
2409,0,218,AU,true
1904,0,109,GB,false
1401,0,120,AU,false
2915,0,298,AU,false
632,0,593,RU,false
564,0,589,AU,false
2124,0,862,AU,true
969,0,80,AU,false
1636,0,775,AU,false
3863,0,3,HR,false
39230,0,84,AU,true
1356,0,567,AU,true
1934,0,23,AU,false
2816,0,346,AU,false
1515,0,375,AU,false
2474,0,9,AU,false
3398,0,796,AU,false
2335,0,41,AU,false
4064,0,629,AU,false
2071,0,575,AU,false
15748,0,275,AU,false
3542,0,55,AU,false
1383,0,576,AU,false
3213,314,452,SI,false
950,0,408,MT,true
1651,0,682,AU,false
938,0,299,MT,false
2305,0,537,AU,false
2581,0,522,AU,false
2985,0,93,RU,false
945,0,71,MT,true
1945,0,521,AU,false
2402,0,261,AU,false
1039,0,277,AU,false
1085,0,912,AU,false
767,0,834,AU,false
2103,0,652,AU,false
1085,0,878,AU,false
4035,0,826,AU,false
6851,0,796,AU,false
674,0,689,AU,false
3763,0,935,AU,false
1763,0,567,AU,false
1636,0,359,AU,false
3376,0,732,AU,false
908,0,679,AU,false
3005,0,310,AU,false
3061,0,785,AU,false
1350,0,138,AU,false
1762,0,555,AU,true
3497,0,307,AU,false
1500,0,839,AU,false
3996,1400,186,JP,false
5262,0,981,AU,true
1383,0,981,AU,true
1199,0,813,AU,false
1363,0,630,AU,false
1972,0,652,AU,false
1577,0,715,AU,false
1268,0,732,AU,false
8482,0,467,AU,false
1991,0,300,AU,false
6679,0,489,AU,false
7449,0,602,AU,false
4299,0,44,AU,false
919,0,424,AU,true
2817,0,665,AU,false
949,0,829,AU,false
2766,0,767,NZ,false
2899,0,109,NZ,false
2731,0,179,NZ,false
2349,0,428,NZ,true
3499,0,531,NZ,false
1714,0,238,AU,false
2980,0,741,AU,false
39424,0,953,AU,false
5308,0,438,GB,false
1687,0,758,GB,false
3647,0,453,GB,false
1955,0,791,AU,false
1955,0,949,AU,false
799,0,915,AU,false
2856,0,847,US,false
3484,0,870,US,false
749,0,914,US,false
1499,0,546,AU,false
602,0,146,AU,false
2594,0,862,AU,true
2075,0,63,AU,false
3406,0,441,AU,false
3084,0,826,AU,false
10094,936,733,NO,true
1412,0,492,AU,false
2822,0,765,AU,false
6947,0,108,AU,false
3055,0,171,AU,false
4779,0,273,AU,false
1064,0,648,AU,false
3336,0,871,AU,false
1019,0,712,AU,false
1731,0,703,AU,false
2871,0,942,AU,false
3641,0,576,AU,false
6040,0,469,RU,false
5965,0,727,AU,true
3096,0,591,AU,false
3833,0,702,AU,false
1199,0,16,AU,false
1751,0,986,AU,false
2333,0,607,HR,false
3556,0,653,AU,false
2366,0,950,AU,false
2080,306,179,GB,false
4551,0,851,AU,false
4090,465,567,GB,true
2269,0,113,AU,false
2080,0,42,AU,false
1030,0,796,AU,false
1266,0,744,AU,false
1031,0,971,AU,false
5054,0,766,AU,false
961,0,818,AU,false
824,0,644,AU,true
1621,0,890,AU,false
2148,0,121,AU,true
1989,0,285,AU,false
4318,0,330,AU,false
1571,0,719,AU,false
26234,0,699,AU,false
3708,0,819,AU,true
1774,0,264,RU,false
8192,0,645,AU,false
7241,0,888,AU,false
1865,0,79,AU,true
1034,0,503,AU,false
4319,0,852,AU,false
6256,0,675,AU,false
2152,0,162,SE,false
1907,0,1,AU,false
1165,0,573,AU,true
1852,0,877,AU,false
4234,0,504,AU,false
5240,0,700,AU,false
909,0,773,AU,false
1555,0,393,AU,false
3249,0,509,AU,true
2130,0,143,AU,true
3244,0,142,AU,true
9683,0,408,AU,false
2818,0,475,AU,true
658,0,364,AU,true
3857,0,649,AU,false
2289,0,59,AU,false
1419,0,283,AU,false
921,0,855,AU,false
3215,0,707,AU,true
1665,0,734,AU,false
4357,0,585,AU,false
5414,0,522,AU,false
4652,0,659,AU,false
1102,0,826,AU,false
13688,0,773,AU,false
1560,0,260,AU,false
808,0,985,AU,false
1926,0,373,AU,false
3469,0,230,AU,false
2202,0,9,AU,false
1002,0,112,AU,false
5845,0,59,AU,false
2568,0,116,AU,false
3945,0,672,GB,false
1386,0,737,AU,false
847,0,964,AU,false
2749,0,679,AU,false
1578,0,240,AU,false
1016,0,457,AU,false
3474,0,522,AU,false
1159,0,801,AU,false
4023,0,537,AU,false
998,0,990,AU,true
2848,0,985,AU,true
1729,0,806,AU,false
3318,0,460,AU,false
1904,0,480,FI,false
943,0,996,AU,false
1884,0,597,AU,false
2899,0,379,AU,false
3582,0,832,AU,true
1669,0,413,AU,false
6106,525,353,GB,false
5102,0,999,AU,false
7619,0,812,AU,false
714,0,448,AU,true
3452,0,203,AU,false
3861,1695,838,FR,false
1164,0,92,AU,false
2260,0,208,AU,false
911,0,123,AU,true
5499,0,468,AU,false
4210,0,784,NZ,false
2199,0,700,NZ,false
3599,0,247,NZ,false
1499,0,405,NZ,false
2549,0,474,NZ,false
4024,0,363,NZ,false
11912,2813,641,JO,true
6292,0,910,AU,false
1427,0,526,AU,false
19037,0,818,AU,false
1988,0,815,NZ,true
1036,0,118,AU,false
4905,0,909,AU,true
1458,0,207,GB,false
1955,0,761,AU,false
1955,0,605,AU,false
1809,231,639,FI,false
2498,894,707,CA,false
1066,266,692,GB,false
6388,0,784,RU,false
5614,0,667,SE,false
1198,405,629,ES,false
3809,0,957,US,false
2367,0,522,HU,false
2305,0,308,AU,false
1554,0,151,AU,false
1405,0,113,AU,false
1634,0,791,AU,false
2760,0,18,AU,false
779,0,232,AU,false
1488,0,240,AU,false
2273,0,480,AU,false
1844,0,964,AU,false
14451,0,992,RU,false
2587,0,188,RU,false
2623,0,651,AU,false
2014,0,681,AU,false
13968,0,84,AU,false
2079,0,464,AU,false
2771,0,63,AU,false
5802,1440,31,GB,false
1284,0,34,AU,false
3477,0,363,AU,false
2053,0,599,AU,true
1368,0,125,IL,false
2661,0,976,AU,false
2273,0,437,AU,false
3822,0,514,AU,false
3296,0,842,AU,false
3550,0,374,AU,false
1469,0,524,RU,false
1097,0,603,AU,false
1085,0,744,AU,false
3136,0,705,AU,false
4256,0,715,AU,false
1168,0,237,AU,true
1442,0,75,AU,false
3539,0,305,AU,false
3669,355,115,GB,false
1945,0,454,AU,false
3295,0,595,AU,false
4235,0,218,AU,false
3344,521,792,NZ,false
7247,0,86,AU,true
5033,0,516,AU,false
3525,0,40,AU,false
2771,0,112,AU,false
7051,0,778,AU,false
1091,0,771,AU,true
3972,0,664,AU,false
3377,0,670,AU,false
1628,0,762,AU,false
4855,0,457,DE,false
4782,0,824,AU,false
1199,0,549,AU,false
1365,0,16,AU,false
3662,0,376,NO,false
1385,0,6,AU,false
2828,0,724,AU,false
2043,0,714,AU,false
2049,0,57,AU,false
4091,0,661,AU,false
4368,0,52,AU,false
2313,0,46,AU,false
2198,0,413,AU,false
4220,0,427,AU,false
1943,0,408,AU,false
1000,0,920,AU,false
3435,0,808,AU,false
2212,0,71,AU,false
5046,0,83,GR,false
4448,0,951,AU,false
2389,0,316,RU,false
2476,0,444,AU,false
1647,0,607,AU,false
1728,0,538,AU,false
2818,0,769,AU,false
3451,0,770,AU,false
2476,0,714,AU,false
2258,0,648,AU,false
3012,0,879,AU,true
3004,0,875,AU,false
2683,0,718,AU,false
2468,0,769,AU,false
969,0,151,AU,false
2390,0,946,AU,false
824,0,615,AU,false
3987,0,177,AU,false
2809,0,840,AU,false
1768,0,370,AU,false
1830,144,475,NL,false
1472,0,700,AU,false
1824,0,26,AU,false
2679,0,200,AU,false
2789,0,562,AU,false
4249,0,895,NZ,false
1449,0,957,NZ,false
2449,0,120,NZ,false
2349,0,680,NZ,false
1549,0,851,NZ,true
1549,0,54,NZ,false
2649,0,371,NZ,false
2091,0,563,AU,false
3093,0,362,AU,false
4898,1695,812,CA,true
6298,0,177,NZ,false
2649,0,55,NZ,true
6549,0,464,NZ,false
7093,0,319,NZ,true
2799,0,896,NZ,false
2529,0,154,AU,false
2394,0,874,AU,false
3021,0,219,AU,false
949,0,306,AU,false
6956,0,845,AU,true
2349,0,305,NZ,false
2099,0,198,NZ,false
5849,0,11,NZ,false
7093,0,435,NZ,false
6898,0,170,AU,false
1634,0,319,AU,false
1969,0,536,AU,true
2101,0,315,AU,false
2158,0,159,GB,true
3464,0,199,GB,false
1148,0,358,CA,false
3910,0,15,AU,false
2890,573,76,SG,false
3021,0,301,BE,false
1173,371,34,SK,false
16115,3331,950,SK,true
14488,0,754,RU,false
1662,378,770,ES,false
1058,0,852,US,false
1578,0,270,US,false
2831,373,468,GB,false
920,0,457,AU,false
2394,0,480,AU,false
2092,600,4,NL,false
2168,0,768,AU,false
1590,0,561,AU,false
1946,0,743,AU,false
598,0,68,AU,true
2498,0,612,AU,false
901,0,29,NZ,false
1779,0,45,NO,false
1039,0,606,AU,true
2584,0,113,NO,false
2593,0,701,AU,false
4652,549,305,GB,false
1874,151,496,NO,false
2506,0,683,AU,false
1036,0,525,AU,false
2125,0,833,NZ,false
2749,0,100,AU,false
2465,0,406,AU,false
1747,0,820,AU,false
1743,0,921,AU,false
1620,510,137,PT,false
1315,0,317,AU,false
8251,0,799,AU,false
4020,525,332,GB,false
1458,0,112,AU,false
3953,166,147,DK,false
2984,0,787,AU,true
1804,0,627,AU,false
3441,0,838,AU,false
4868,0,277,NZ,false
1189,0,725,AU,false
2679,0,285,AU,false
644,0,887,AU,false
3121,346,306,MY,false
856,0,822,AU,false
2168,0,870,GB,false
3010,0,141,AU,false
3191,0,851,AU,false
4319,0,897,AU,false
2335,0,392,AU,false
4362,0,375,AU,false
2189,0,609,AU,false
1038,0,203,AU,false
728,0,380,AU,false
2185,0,393,HR,false
2171,0,48,AU,true
12780,0,379,AU,false
4268,0,767,AU,false
3280,0,175,AU,true
2149,0,417,NZ,false
5759,0,354,NZ,false
4299,0,972,NZ,false
3899,0,287,NZ,false
3349,0,715,NZ,false
2249,0,11,NZ,true
2899,0,777,NZ,true
2028,0,667,NZ,false
2640,0,685,NZ,false
2299,0,11,NZ,false
4399,0,46,NZ,false
2583,0,776,AU,false
1412,280,341,GB,false
2649,0,502,NZ,false
3355,0,466,NZ,false
4884,0,349,AU,false
949,0,434,AU,false
3095,0,104,NZ,false
2499,0,75,NZ,true
2549,0,489,NZ,false
10699,0,621,NZ,false
7958,0,408,NZ,false
3100,0,170,NZ,false
4049,0,563,NZ,false
32499,0,178,AU,false
3755,0,322,AU,false
3274,0,525,GB,true
9365,775,69,NZ,false
1262,0,590,GB,false
1955,0,598,AU,false
2105,707,57,CA,false
1533,0,711,US,false
6102,0,5,NO,false
1147,0,698,US,false
1398,0,219,US,false
1599,0,877,US,false
4385,0,695,CL,false
670,0,328,US,false
3955,958,980,SE,false
2202,0,668,US,true
1466,0,880,US,false
2872,0,711,US,false
1663,0,598,US,false
7643,0,964,US,false
2384,0,936,AU,false
983,0,112,AU,false
1174,0,718,AU,false
3323,1376,641,CZ,false
1203,0,725,AU,false
955,0,6,AU,true
2960,0,589,AU,false
1369,0,138,AU,false
3003,320,332,RU,false
1398,0,69,AU,false
1771,0,329,AU,false
1494,0,639,AU,false
1907,0,190,AU,false
1689,0,856,AU,false
1400,0,555,AU,false
2627,0,849,AU,false
4866,0,133,AU,false
3169,0,886,AU,false
996,0,651,AU,false
1974,0,391,AU,false
2380,0,578,AU,false
2839,1088,462,IT,true
1058,0,576,AU,true
2024,156,802,IL,false
8365,0,57,AU,false
1135,0,871,AU,false
2363,0,42,AU,false
6328,0,970,AU,false
1751,0,43,AU,false
3508,0,105,AU,false
1475,0,608,AU,false
3384,0,613,AU,false
2273,0,173,AU,false
1299,0,786,AU,true
1721,0,369,AU,false
1943,0,951,AU,false
1094,0,750,AU,false
2107,0,690,AU,false
8546,0,359,NO,false
2160,0,620,DE,false
1043,0,561,AU,false
2673,0,79,AU,true
5479,728,460,BE,false
1393,0,35,AU,false
1132,0,528,AU,false
3118,0,724,AU,false
7599,996,2,NZ,false
1910,0,536,AU,false
1480,0,169,AU,false
1789,0,392,AU,false
1591,0,939,AU,false
955,0,308,AU,false
4852,0,414,AU,false
1088,0,103,AU,false
5437,0,231,AU,false
2740,0,467,AU,false
2602,0,804,AU,false
1977,0,67,AU,false
10874,0,41,AU,false
3599,0,187,NZ,false
16325,0,190,AU,false
949,0,926,AU,false
949,0,888,AU,false
1978,0,553,AU,false
3097,0,512,NZ,false
1899,0,763,NZ,false
1349,0,887,NZ,false
1349,0,1,NZ,false
1732,0,34,NZ,false
2999,0,651,NZ,false
2180,0,59,NZ,false
1264,0,267,NZ,false
1816,0,552,AU,true
12275,2495,85,ZA,false
9854,399,654,US,false
2269,0,662,AU,false
1814,0,693,NZ,false
21765,0,215,AU,false
1855,0,857,AU,false
1773,0,359,NZ,false
1399,0,107,NZ,false
2499,0,816,NZ,false
5806,0,545,NZ,false
1999,0,22,NZ,false
3399,0,512,NZ,false
3645,0,539,GB,false
1242,0,632,GB,false
1342,0,158,GB,false
1955,0,320,AU,false
738,0,667,US,false
1849,0,792,US,false
611,0,48,US,false
1668,147,799,CA,false
1450,441,755,NO,false
976,0,150,US,false
2401,0,70,US,false
2224,0,981,US,false
2331,0,21,US,false
2001,0,563,NZ,false
7327,0,514,NZ,false
632,0,705,AU,false
3715,0,773,AU,false
1101,0,340,AU,false
13956,0,516,AU,false
6099,0,740,AU,false
989,0,426,AU,false
3398,0,442,AU,false
2694,0,560,AU,false
7034,0,677,AU,false
12124,0,820,AU,false
1320,0,498,AU,false
1935,0,79,AU,false
1371,0,18,AU,false
1038,0,634,AU,false
4035,0,894,TW,true
1479,0,275,AU,false
15645,2854,185,IL,false
1687,0,51,AU,false
6783,0,307,AU,false
3737,1649,371,CA,false
2650,0,301,AU,false
6783,0,389,AU,false
1337,0,678,AU,false
1231,0,389,AU,false
1542,0,286,AU,false
1372,0,934,AU,true
1274,0,173,AU,false
1281,0,885,AU,false
3828,0,271,AU,false
4193,0,188,AU,true
9394,0,136,AU,false
2366,0,904,AU,true
1360,0,955,AU,true
5030,0,9,AU,false
11272,0,589,AU,false
1712,0,107,AU,false
1181,0,731,CA,false
5165,0,938,AU,false
1679,0,237,AU,false
1929,0,76,AU,true
1236,0,307,AU,false
1494,0,159,AU,false
4315,0,255,AU,false
8856,0,415,AU,false
1766,0,606,AU,true
1688,0,774,AU,false
2207,0,264,AU,true
2605,0,46,AU,false
2259,0,515,AU,false
6218,0,363,AU,false
1233,0,266,AU,false
6256,0,785,AU,false
10611,0,531,AU,true
2099,0,23,LU,false
3232,0,660,AU,false
3916,0,344,AU,true
2476,0,591,AU,false
943,0,134,AU,false
943,0,241,AU,false
819,0,372,AU,false
1032,0,905,AU,false
4708,0,851,AU,false
1867,0,33,AU,false
1989,0,966,AU,false
942,0,70,AU,false
2164,229,634,CA,false
12124,0,419,AU,false
1792,0,264,AU,false
1075,0,243,AU,false
3064,0,248,AU,false
3084,0,528,AU,false
1281,0,799,AU,false
2789,0,431,AU,false
1682,0,7,AU,false
1393,62,253,CA,true
2334,0,751,AU,false
2542,0,995,AU,false
2320,399,153,US,false
1750,0,959,AU,true
7652,0,853,NZ,false
5791,0,578,AU,false
12293,0,307,AU,false
2959,0,646,AU,false
8071,0,507,AU,false
2099,0,832,NZ,false
5036,0,252,NZ,false
1717,0,302,NZ,false
2640,0,478,NZ,false
2593,0,375,NZ,false
2821,0,821,AU,false
4993,0,223,AU,false
4048,449,855,US,true
1583,0,237,NZ,false
1541,0,807,GB,false
2600,0,205,AU,false
1382,0,630,US,false
2131,0,132,US,false
3222,1414,847,MY,false
2032,225,915,IT,false
3649,0,763,US,true
1684,0,266,US,false
2372,714,187,FR,false
1877,0,163,US,false
7231,1945,421,CA,true
2714,0,529,US,false
2454,0,277,US,false
2059,0,497,US,false
1395,0,954,US,true
2150,1057,662,BH,false
1442,0,990,US,false
984,0,855,US,false
802,0,349,US,false
2926,0,935,US,false
2751,0,621,US,false
1880,0,386,US,true
3380,0,744,US,false
2809,0,668,US,false
2891,0,996,US,true
1005,0,921,US,false
1466,0,545,US,false
8132,0,59,AU,false
1299,0,220,AU,false
1057,0,665,AU,false
1333,65,653,CA,false
2845,0,435,AU,true
2827,0,381,AU,false
1694,0,331,AU,false
1301,0,874,AU,false
1573,0,628,AU,false
2672,0,70,AU,false
4463,0,681,AU,false
1902,0,318,AU,true
1030,0,914,AU,false
5634,0,504,AU,false
1533,0,359,AU,false
1534,0,292,AU,false
1751,0,318,AU,false
1428,0,411,AU,false
2033,0,952,AU,false
3858,0,402,AU,false
1030,0,75,AU,false
933,0,811,AU,false
1348,0,747,AU,false
1191,0,892,AU,false
823,0,227,CA,false
1311,0,290,AU,false
1069,0,467,NZ,false
2513,0,272,AU,true
2212,0,975,AU,false
2115,0,87,AU,false
6212,0,871,AU,false
1455,0,782,AU,false
4003,481,17,CY,false
2793,0,297,AU,false
2400,0,489,AU,false
1557,0,627,AU,false
2596,0,520,AU,false
3249,0,232,AU,false
1603,0,738,AU,false
2003,0,943,AU,false
3037,0,269,AU,false
1245,0,630,AU,false
4952,0,550,AU,false
2802,0,783,FI,false
881,0,934,AU,false
971,0,704,AU,false
4952,0,965,AU,false
1298,0,13,AU,false
3398,0,564,AU,false
13620,0,601,AU,false
2869,0,341,AU,false
4500,0,81,AU,false
2416,0,470,AU,false
2200,0,208,AU,false
1616,0,734,AU,false
6099,0,82,AU,false
2041,0,956,AU,false
2136,0,426,AU,false
2074,0,494,AU,false
2975,0,557,AU,false
2564,0,150,AU,false
7655,0,831,AU,false
4029,0,453,AU,false
2216,0,131,AU,true
1590,0,413,AU,false
1380,0,667,AU,false
967,0,962,AU,false
3145,0,275,AU,false
3027,0,574,NZ,false
2257,0,432,NZ,false
2549,0,55,NZ,false
2149,0,167,NZ,false
2199,0,681,NZ,false
2449,0,439,NZ,true
924,0,221,AU,false
1399,0,254,NZ,false
5193,0,848,AU,false
4070,0,817,AU,false
3299,0,907,NZ,false
13591,399,875,US,false
6599,0,468,AU,false
2429,0,22,NZ,false
4061,0,217,AU,false
1699,0,924,NZ,false
3280,0,603,NZ,true
2049,0,154,NZ,false
3249,0,505,NZ,false
1307,0,204,NZ,false
5849,0,346,NZ,true
1225,0,737,AU,false
4888,0,891,NZ,true
2715,0,296,AU,false
2694,0,604,AU,false
13136,0,827,AU,false
1071,0,276,GB,false
1242,0,815,GB,false
1955,0,995,AU,false
1955,0,571,AU,true
1955,0,902,AU,false
3180,0,4,US,false
6202,0,960,US,false
2776,0,207,US,false
2433,762,298,CL,false
2018,0,799,US,false
1275,0,500,US,false
2795,0,323,US,false
1697,0,641,US,false
2129,0,280,US,false
2659,0,551,US,false
1466,0,953,US,false
1353,0,145,US,true
8798,0,188,US,false
1880,0,265,US,false
1543,0,357,MY,false
560,0,399,US,false
1466,0,375,US,false
1543,0,541,MY,false
662,0,908,US,false
1743,0,390,US,false
3716,0,235,US,false
2269,0,962,US,false
2431,0,175,US,false
1850,0,669,US,false
802,0,147,US,false
12089,1820,769,KR,true
2406,0,295,AU,false
4366,0,695,AU,false
2089,0,550,AU,false
3079,0,195,AU,false
4811,0,753,AU,false
2678,0,560,AU,false
2771,0,868,AU,false
2108,0,451,AU,false
4936,0,769,AU,false
2370,0,562,AU,false
2324,0,765,AU,false
1731,0,481,AU,false
3304,0,265,AU,true
2561,0,713,AU,false
2689,0,164,AU,false
5534,0,700,AU,false
3071,0,824,AU,false
12049,0,371,AU,false
1869,0,626,AU,false
3345,0,561,AU,false
1385,0,40,AU,false
8364,0,705,AU,false
1762,0,42,AU,false
1620,0,450,AU,true
5617,0,178,AU,false
1428,0,343,AU,false
1070,0,920,AU,false
1234,0,390,AU,false
1753,0,134,AU,false
2448,0,51,AU,true
2973,506,763,BR,false
1294,0,45,AU,false
1488,0,988,AU,false
1428,0,373,AU,false
1669,0,199,AU,false
32027,0,427,AU,false
819,0,325,AU,false
3671,0,328,AU,false
19159,0,324,AU,false
5207,0,205,AU,true
4934,0,992,AU,false
2761,0,996,AU,false
3138,0,3,AU,false
3131,0,101,AU,false
1266,0,897,AU,false
853,0,142,AU,false
3163,0,631,AU,false
2112,0,713,AU,false
1727,0,866,AU,false
2259,0,43,AU,false
2366,0,32,AU,false
1063,0,229,AU,false
2467,0,58,AU,false
1063,0,50,AU,false
2699,0,428,AU,false
8922,0,685,NZ,false
2449,0,161,NZ,false
1999,0,897,NZ,false
3049,0,594,NZ,false
3003,0,219,NZ,false
2649,0,814,NZ,false
5656,0,502,NZ,false
1635,0,224,NZ,false
9999,0,732,AU,false
1847,0,893,AU,false
1599,0,384,AU,false
9555,0,269,AU,false
17314,399,658,US,false
4731,0,84,AU,true
7061,0,686,AU,false
3149,0,275,NZ,true
2049,0,49,NZ,false
1688,0,471,NZ,false
5817,0,513,AU,false
2346,0,504,AU,false
2149,0,974,NZ,true
2426,0,980,AU,true
1955,0,857,AU,false
5200,0,465,AU,false
1282,0,119,US,false
1742,0,84,US,false
1009,0,533,US,true
1563,0,380,SG,true
1491,0,434,US,false
2607,0,822,US,false
558,0,712,US,false
5787,0,136,US,false
1716,0,176,US,false
2549,0,132,US,false
1348,0,931,US,false
1593,0,511,US,false
2304,0,332,US,true
5342,0,719,US,false
1261,0,670,US,false
1470,0,267,US,false
1785,0,55,US,false
749,0,649,US,true
2262,0,844,CA,false
4738,0,194,US,true
4024,0,93,CA,false
1671,0,18,US,false
3109,701,507,MX,false
2453,0,477,US,false
4823,0,498,US,false
2945,0,180,US,false
5416,0,947,CL,false
1785,0,368,US,false
1980,0,477,US,false
16946,399,761,US,false
3779,0,175,AU,false
1751,0,485,AU,false
2372,0,644,AU,false
2874,0,872,AU,false
2916,0,782,AU,false
2371,270,21,GB,false
971,0,359,AU,true
1624,0,630,AU,false
1529,0,747,AU,false
2465,0,531,AU,false
1133,0,366,AU,false
2650,0,173,AU,true
8135,0,2,AU,false
1386,0,494,AU,false
2136,0,369,AU,false
722,0,571,AU,false
2246,0,529,AU,false
798,0,919,AU,false
3795,0,709,AU,false
6994,0,206,AU,false
2091,0,530,AU,false
1943,0,230,AU,false
2497,0,608,AU,false
3318,0,488,AU,false
2623,0,795,AU,false
5240,0,730,AU,false
645,0,715,AU,false
1393,0,26,AU,false
2656,0,68,RU,false
1819,0,64,AU,false
1212,0,602,AU,false
767,0,873,AU,false
2256,0,173,AU,false
2731,0,428,AU,false
1978,0,588,AU,false
3622,0,313,AU,false
2400,0,666,AU,false
2484,0,838,AU,false
1708,0,943,AU,false
3976,0,367,AU,true
5456,0,490,AU,false
4945,0,17,AU,true
943,0,910,AU,false
955,0,144,AU,true
3069,0,544,AU,false
961,0,57,AU,false
2818,0,184,AU,false
1559,0,981,AU,false
3618,0,992,AU,false
2147,0,26,AU,false
7990,0,573,AU,false
1163,0,654,AU,false
2828,0,280,AU,false
2015,0,443,AU,false
2886,0,903,AU,true
2499,0,176,AU,true
1829,0,215,AU,false
967,0,516,AU,false
2395,0,877,AU,false
3156,0,29,IE,true
3445,0,657,AU,false
1151,0,233,AU,false
3830,0,516,AU,false
2063,0,710,AU,false
7743,525,853,GB,false
969,0,817,AU,false
2091,0,857,AU,false
2209,0,931,AU,false
5138,0,977,AU,false
644,0,185,AU,false
1569,0,721,AU,false
20579,0,43,AU,false
16760,0,341,AU,false
1641,0,86,AU,false
1659,0,581,AU,false
3799,0,272,NZ,false
3149,0,933,NZ,false
5185,0,285,NZ,false
3399,0,26,NZ,false
5592,399,936,US,false
1428,0,554,AU,false
4079,0,111,AU,false
3486850,0,133,NZ,false
2015,0,524,AU,false
1442,0,773,AU,false
2313,0,966,AU,false
1259,0,407,AU,false
1622,0,50,AU,false
259200,0,280,NZ,false
2899,0,874,NZ,false
17579,0,85,AU,false
2499,0,753,NZ,false
2049,0,556,NZ,false
1499,0,790,NZ,false
4161,399,12,US,false
3407,0,123,AU,false
2344,0,239,AU,false
2261,372,440,US,false
1955,0,220,AU,true
1213,0,221,US,false
2474,0,222,US,false
595,0,241,US,false
1604,0,587,US,false
1216,0,990,US,false
4797,0,536,US,false
1797,0,267,US,false
4363,0,253,US,false
2441,0,412,US,false
2331,0,560,US,false
2479,740,941,CA,false
558,0,832,US,false
4000,0,340,US,false
3983,0,986,US,true
6417,743,674,PE,false
2291,0,929,US,false
4399,0,593,US,false
1398,0,905,US,false
1880,0,873,US,false
1880,0,443,US,false
1196,0,557,US,false
1698,0,605,US,false
1210,0,490,US,false
3132,0,875,BE,true
1363,0,207,AU,false
2072,0,70,AU,true
3676,0,467,AU,false
4933,0,252,AU,false
4933,0,593,AU,true
1942,0,9,AU,false
2296,0,834,AU,false
2194,0,776,AU,true
2951,269,231,CA,false
1570,0,409,AU,false
5628,0,698,AU,false
1670,0,577,AU,false
4423,0,698,AU,false
2595,0,78,AU,false
2893,0,197,AU,false
7074,0,39,AU,false
984,0,968,AU,false
2807,0,43,CA,false
3841,0,104,AU,false
2476,0,599,AU,false
1044,0,446,AU,false
1467,0,83,AU,false
6564,0,566,AU,false
2293,0,19,AU,false
2558,0,272,AU,false
4321,0,7,AU,false
1736,0,689,AU,false
2405,0,36,CA,false
1442,123,484,CA,false
2717,208,868,CA,false
1673,81,151,CA,false
1030,0,61,AU,false
2467,0,808,AU,false
1586,0,810,AU,false
10849,0,124,AU,false
2700,0,60,AU,false
2554,0,38,AU,false
1569,0,179,AU,false
2164,0,63,AU,false
1843,0,589,AU,false
1387,126,638,MQ,false
2406,0,819,AU,false
1030,0,823,AU,false
1845,146,278,MQ,false
1123,0,883,AU,true
2299,0,270,AU,false
3173,0,185,AU,false
5097,0,92,NZ,false
736,0,80,AU,false
6471,0,705,AU,false
2449,0,678,NZ,false
1549,0,540,NZ,false
2599,0,166,NZ,false
2099,0,301,NZ,false
2670,0,219,NZ,false
5517,0,452,NZ,true
2644,0,629,NZ,false
2180,0,885,NZ,true
104604,0,155,AU,false
8265,0,979,NZ,false
1071,0,216,AU,false
7652,0,289,NZ,false
6498,0,548,AU,false
36115,0,815,AU,false
6607,0,558,AU,false
1955,0,271,AU,false
1955,0,123,AU,false
1955,0,914,AU,false
868,0,264,US,false
1498,0,784,US,true
1169,0,529,US,false
5132,0,995,US,false
1395,0,144,US,false
1366,0,795,US,false
670,0,818,US,false
1739,0,388,US,false
1535,0,23,US,false
984,0,940,US,false
2222,0,662,US,false
1398,0,117,US,false
5331,0,280,US,false
3621,0,271,CA,false
3400,0,625,US,false
871,0,436,US,true
1106,0,673,US,false
2363,0,859,US,false
1836,0,266,US,false
3840,1343,335,CA,false
3166,0,971,US,false
3314,980,444,CA,false
4766,0,706,US,false
2731,0,410,US,false
1533,0,446,US,false
5708,0,797,US,false
1602,0,125,US,false
1840,427,202,GB,false
2089,0,725,US,false
1602,0,956,US,true
2926,0,644,US,false
1946,0,630,US,false
1440,0,181,US,false
2389,0,775,NZ,false
1401,0,109,AU,false
4343,0,97,AU,false
1304,81,861,BR,false
4838,0,488,CA,false
1494,0,535,AU,false
6592,0,779,AU,false
2248,0,986,AU,false
1401,0,736,AU,false
2596,0,105,AU,false
1682,0,377,AU,false
838,0,220,AU,false
2053,0,792,AU,false
10519,0,70,AU,false
1570,0,201,AU,true
2009,0,199,AU,false
2451,0,973,AU,false
4749,0,706,AU,true
1546,0,657,AU,false
2918,0,132,AU,false
1068,0,598,AU,false
1070,0,176,AU,false
1386,0,976,AU,false
5670,0,954,AU,false
7639,0,355,AU,false
3708,0,152,AU,false
1125,0,702,AU,false
2825,1413,970,NO,false
2673,0,110,AU,false
1933,0,371,AU,false
4949,0,60,NZ,false
1899,0,807,NZ,false
4911,0,796,NZ,false
7731,0,866,AU,false
4298,0,291,NZ,true
2249,0,733,NZ,true
1449,0,312,NZ,false
1725,0,339,AU,false
2149,0,633,NZ,false
13130,0,990,CA,false
12260,0,116,AU,false
2595,0,293,AU,false
2612,0,536,AU,false
996,0,543,AU,false
2132,0,509,AU,false
2818,0,787,AU,false
2375,0,367,AU,false
10880,0,901,AU,false
2372,0,811,AU,false
3708,0,312,AU,false
1714,0,636,AU,false
3977,519,280,JP,false
3904,0,591,AU,false
1481,0,723,CA,true
5691,0,418,GB,false
772,0,433,AU,false
2283,0,474,AU,true
1514,0,120,AU,false
3292,0,19,NZ,false
2889,0,288,AU,false
1978,0,311,AU,false
766,0,310,AU,false
1235,0,97,GB,false
2037,0,56,AU,false
2561,399,203,US,true
2021,0,349,AU,false
1969,0,819,AU,false
949,0,424,AU,false
1145,0,687,AU,false
21222,0,237,AU,false
3438,0,325,NZ,false
7122,0,47,NZ,false
1386,0,964,AU,false
11719,399,898,US,false
5342,0,398,AU,false
4116,0,487,NZ,false
2099,0,681,NZ,true
3149,0,564,NZ,false
4563,0,597,NZ,false
4579,0,263,AU,false
2818,0,636,AU,false
1762,0,717,NZ,false
4399,0,901,NZ,false
2649,0,676,NZ,true
3669,0,747,AU,false
2320,0,103,AU,true
15028,2750,238,US,false
8348,0,596,AU,false
2030,0,188,AU,false
2890,0,211,AU,false
2139,0,316,AU,false
780,0,116,NZ,false
2982,0,359,NZ,false
2065,0,790,GB,false
1955,0,787,AU,false
1955,0,852,AU,true
1955,0,115,AU,false
595,0,513,US,false
1736,0,710,US,false
2842,0,880,US,true
14535,0,329,US,false
1464,0,338,US,false
1975,0,457,US,false
1695,0,646,US,false
1398,0,169,US,true
2796,0,402,US,false
911,0,123,US,false
2362,0,722,US,false
3121,0,610,US,true
11650,0,105,BR,false
1905,0,504,US,false
871,0,628,US,false
1398,0,408,US,false
2323,0,101,US,false
1157,0,253,US,false
1593,0,900,US,false
3499,0,830,NZ,false
6462,0,675,US,false
1590,0,364,US,false
670,0,852,US,false
2938,0,905,US,false
3025,0,531,US,true
1742,0,951,US,false
1193,126,302,ES,false
4248,1406,185,MY,false
1698,0,797,US,true
1749,0,491,US,false
4349,1505,162,CA,false
749,0,656,US,false
2566,421,9,SG,false
1006,0,277,US,false
1466,0,192,US,false
2474,0,155,US,false
1165,0,223,US,false
1806,0,837,US,false
749,0,900,US,false
2392,0,581,AU,false
2944,0,945,AU,false
2325,0,735,AU,false
2099,0,463,AU,false
2683,0,182,AU,false
11488,0,303,AU,false
2596,0,116,AU,true
4995,0,490,AU,false
2650,418,275,IL,false
2235,0,812,AU,false
4761,0,968,AU,false
2596,0,80,AU,false
2012,0,820,AU,false
3402,0,857,AU,false
1053,0,913,AU,false
2098,0,632,AU,false
1885,0,803,AU,false
2447,0,568,AU,false
2553,0,580,AU,false
19514,0,901,AU,false
14465,0,907,AU,false
1343,0,120,AU,false
2105,0,117,AU,true
545,0,148,AU,false
3753,0,769,AU,false
3428,0,282,AU,false
4109,0,444,RU,false
1472,0,899,AU,false
2978,0,82,AU,true
3708,0,481,AU,false
4058,0,408,AU,false
877,0,422,AU,false
1703,0,357,AU,false
6669,0,984,AU,false
1301,0,485,AU,false
2630,0,370,AU,false
3871,0,661,AU,false
3871,0,241,AU,false
1507,0,630,AU,true
6375,0,799,AU,false
1163,0,514,AU,false
2735,0,586,AU,false
2118,0,510,AU,true
2726,0,415,AU,false
4868,0,305,AU,false
2308,0,66,AU,false
4253,0,514,NZ,false
1974,0,184,AU,false
3167,0,872,CA,false
3542,0,917,AU,false
3118,0,573,CA,false
3727,0,636,CA,false
3118,0,925,CA,false
1412,0,867,AU,false
1039,0,143,AU,false
2636,0,930,AU,false
4571,0,374,AU,true
3300,0,748,NZ,false
3399,0,843,NZ,false
1499,0,297,NZ,false
3399,0,55,NZ,false
2499,0,369,NZ,false
1786,0,527,AU,false
1939,0,688,AU,false
4578,0,346,AU,false
1269,0,379,AU,false
2640,0,86,NZ,false
1855,0,235,NZ,false
3940,399,699,US,false
4349,399,160,US,false
1406,0,749,AU,false
3106,0,792,AU,true
5624,0,315,AU,false
2289,0,857,AU,false
4099,0,449,NZ,false
6699,0,822,NZ,false
2291,0,586,NZ,false
6424,0,744,AU,false
15756,0,862,AU,false
11748,399,694,US,false
15074,399,429,US,false
1955,0,913,AU,false
1955,0,487,AU,false
1955,0,43,AU,false
1955,0,429,AU,false
5625,0,767,US,false
738,0,725,US,false
2188,0,870,US,false
2665,0,5,US,false
1186,0,269,US,false
2015,0,74,US,false
1580,0,994,US,false
1502,0,223,US,false
1284,0,289,US,false
1373,0,499,US,false
1647,0,872,US,false
1395,0,83,US,false
2042,0,727,US,false
1471,385,82,CA,false
1654,0,23,US,false
1904,0,692,US,false
1695,0,942,US,false
7264,0,671,US,false
2293,0,271,US,false
1626,0,110,US,false
1736,0,667,US,true
1366,0,691,US,false
3679,658,129,NL,false
4062,0,244,AU,false
2799,0,468,AU,false
1842,0,697,AU,false
1063,0,39,NO,false
955,0,470,AU,false
1245,0,588,AU,false
2053,0,948,AU,false
1233,0,732,AU,false
1117,0,376,AU,false
1147,0,553,AU,false
2596,0,123,AU,false
2273,0,363,AU,false
2009,0,800,GB,false
1017,0,933,AU,false
650,0,529,AU,false
2818,0,663,AU,false
943,0,830,AU,false
6052,0,817,AU,true
3224,0,52,AU,false
4910,0,649,AU,false
5056,0,871,AU,false
2809,0,704,NZ,false
1127,0,553,AU,false
1343,0,170,AU,false
1054,0,260,AU,false
4426,373,418,GB,false
2978,0,610,AU,true
5408,0,827,AU,false
1621,0,234,AU,false
2809,0,999,AU,false
1759,0,887,AU,false
2759,224,867,NO,false
2102,270,500,GB,false
1464,428,699,MT,true
3183,0,789,HU,false
1375,0,705,AU,false
9787,0,304,AU,false
5006,0,433,AU,true
1883,0,496,AU,false
6700,0,522,CA,false
2666,0,469,AU,true
2273,0,217,AU,false
7906,0,902,AU,false
1485,0,190,AU,false
5828,0,492,AU,false
2349,0,641,NZ,false
1955,0,766,NZ,false
2597,0,779,NZ,false
2499,0,923,NZ,false
9809,0,533,NZ,false
1702,0,821,NZ,false
5994,0,800,NZ,false
9576,0,815,AU,false
5726,0,298,AU,false
1817,0,324,AU,false
19490,0,480,AU,false
16341,399,206,US,false
6253,0,594,AU,false
2845,0,445,AU,false
2799,0,115,NZ,false
3249,0,190,NZ,false
2299,0,578,NZ,false
1799,0,269,NZ,false
3999,0,911,NZ,false
1410,0,888,NZ,false
2149,0,681,NZ,false
6167,0,945,AU,false
1348,0,828,GB,false
4191,0,242,GB,true
21074,18767,149,MY,false
7366,0,663,NZ,false
2426,0,249,AU,false
1645,294,779,NO,false
1480,0,560,SE,false
1523,0,629,US,false
3299,0,912,CL,false
1353,0,668,US,false
20254,0,497,US,true
4391,0,426,US,false
1006,0,623,US,false
1395,0,9,US,false
2665,0,562,US,false
20254,0,598,US,false
2480,0,306,NO,false
1741,0,434,GB,false
2376,839,501,CL,false
11909,0,617,US,false
20254,0,222,US,false
1866,0,664,US,false
1919,0,625,US,false
2105,0,902,US,false
2155,0,524,US,false
3838,0,846,US,false
1602,0,354,US,false
2824,0,127,US,false
1980,0,223,US,false
3972,0,101,US,false
901,0,919,US,false
1583,0,559,US,false
1937,0,346,AU,false
3054,563,549,BR,false
1470,0,314,NZ,true
5027,0,34,AU,false
1953,0,819,AU,false
1974,0,256,IE,false
5541,0,501,IT,false
1997,0,226,AU,false
1058,0,782,AU,false
5541,0,831,IT,false
2465,0,756,AU,false
2937,454,896,GB,false
1102,0,216,AU,false
839,0,38,AU,true
1205,0,788,AU,false
1038,0,641,AU,false
2172,450,82,GB,false
2760,178,802,CA,false
1097,0,493,AU,false
4498,0,161,AU,false
1408,0,628,AU,false
8140,759,487,MX,false
3596,0,613,AU,false
1737,0,269,AU,false
2341,0,603,AU,true
2318,544,45,NO,false
1073,0,434,AU,false
645,0,838,AU,false
984,0,25,AU,false
1339,0,932,AU,false
1257,0,496,GB,true
2606,0,32,AU,false
2419,0,152,CH,false
1947,0,598,AU,false
1365,0,0,AU,false
2644,0,626,AU,true
7872,0,903,AU,false
2240,0,531,AU,false
6311,1546,958,CA,false
1686,0,436,AU,false
2481,0,667,AU,false
5489,0,759,AU,false
1204,0,422,AU,false
3322,0,199,AU,false
2297,0,986,AU,false
2649,0,951,NZ,false
3577,0,200,AU,false
4616,0,253,AU,false
3249,0,6,AU,false
3868,0,844,AU,true
2049,0,992,NZ,false
2499,0,259,NZ,false
1599,0,992,NZ,false
2249,0,528,NZ,false
2449,0,109,NZ,false
3103,0,320,NZ,false
1554,0,108,NZ,false
1619,0,179,NZ,false
3103,0,423,NZ,false
4149,0,425,NZ,true
3874,0,286,AU,false
2649,0,605,NZ,true
20579,399,921,US,false
4645,0,59,AU,false
3649,0,836,NZ,false
4934,280,352,GB,false
3771,694,168,US,false
8920,402,22,PL,false
6900,0,914,AU,false
1011,0,180,AU,false
4018,0,194,GB,true
3464,0,69,GB,false
2002,0,578,GB,false
3464,0,358,GB,false
1382,0,599,GB,false
1164,0,161,GB,false
3263,391,675,GB,false
1649,324,378,BR,false
1351,0,105,US,false
3082,1343,608,CA,false
2812,0,616,US,false
1284,0,237,US,true
3591,0,953,US,true
5225,0,983,US,false
4360,0,111,US,false
1053,0,257,US,false
751,0,888,US,false
4394,0,573,US,false
989,0,899,US,false
1802,0,929,US,false
4225,0,561,US,true
3491,0,298,US,false
1695,0,627,US,false
1096,0,230,US,false
6577,0,725,US,false
4053,0,715,US,false
1213,0,71,US,false
1438,0,922,US,false
1880,0,877,US,false
1845,0,373,GB,false
703,0,196,US,false
2127,0,376,US,false
670,0,386,US,false
1578,0,950,US,false
1284,0,578,US,false
2544,0,436,US,false
1602,0,83,US,false
937,0,654,US,false
2210,675,690,CA,false
3601,0,218,US,true
2450,0,934,CA,true
6020,0,783,AU,false
2654,0,477,AU,false
1132,0,18,AU,false
1132,0,48,AU,true
2161,0,751,AU,false
23299,0,840,AU,false
2713,0,216,AU,false
1030,0,546,AU,false
4435,0,438,IT,false
1748,0,417,NO,false
5255,0,975,AU,false
2563,270,778,GB,false
1756,457,14,HR,false
1692,0,266,AU,false
1273,0,931,AU,false
4177,0,307,HR,false
1696,0,461,AU,false
1629,632,995,GB,false
3808,373,758,GB,false
2814,0,456,AU,false
2371,270,853,GB,false
2593,465,99,GB,false
2198,0,213,AU,false
1880,153,158,BA,false
1441,0,87,AU,true
4399,0,245,NZ,false
2248,0,879,AU,false
8739,773,499,MX,false
1250,0,567,BE,false
2505,1391,298,CA,false
2707,301,555,CA,false
7797,0,868,AU,false
1750,258,510,BR,false
3579,0,879,AU,false
20355,399,111,US,false
3499,0,201,NZ,false
2804,299,830,FR,false
4241,0,967,NZ,false
1749,0,905,NZ,false
1349,0,499,NZ,true
2642,0,336,NZ,false
2180,0,893,NZ,false
2799,0,948,NZ,false
4622,700,987,NO,false
2304,300,221,DE,false
9122,0,323,AU,false
1541,0,160,GB,false
1079,0,133,GB,false
1076,0,95,GB,false
3645,0,610,GB,true
3648,0,747,GB,true
1458,0,705,GB,false
2712,0,674,GB,false
3645,0,464,GB,false
2549,0,763,NZ,false
614,0,313,US,false
2592,421,85,MX,false
1053,0,804,US,false
552,0,510,US,false
1949,0,466,US,true
1739,0,258,US,false
1645,0,714,US,false
1375,0,251,US,false
1296,0,348,US,false
1353,0,356,US,false
2659,0,633,US,true
802,0,831,US,false
2155,0,105,US,false
3779,0,513,US,false
2941,0,801,US,false
6959,0,603,US,false
1053,0,261,US,false
3064,0,536,US,false
1053,0,838,US,true
910,0,105,US,false
813,0,456,US,false
10370,0,729,LT,false
2549,0,741,US,true
5681,0,534,US,false
1743,0,472,US,true
1213,0,179,US,false
4448,0,144,US,false
1038,0,136,US,false
871,0,284,US,false
1006,0,179,US,false
1898,0,859,US,false
1663,0,701,CA,false
2033,139,604,CA,false
1607,0,161,IE,false
2486,0,632,PT,false
2627,0,564,AU,false
2596,0,34,AU,false
1200,0,573,AU,false
1558,0,579,AU,false
1839,270,861,GB,true
1482,0,148,AU,true
2676,0,59,CZ,false
1292,261,798,GB,false
1212,136,632,CA,false
2113,0,834,BR,false
1663,0,157,AU,false
6655,1417,493,BR,false
6881,0,953,AU,false
2630,355,673,GB,false
1949,0,214,NZ,true
2791,0,21,AU,false
2017,270,482,GB,false
2943,0,976,NZ,false
1981,252,212,GB,false
2596,0,254,AU,true
3337,854,917,DE,false
2584,1221,150,IT,false
2639,399,598,US,false
6263,1695,12,NL,false
3185,399,857,US,true
1732,0,178,AU,false
3149,0,671,NZ,false
2130,0,162,NZ,false
4472,280,31,GB,false
7652,0,138,NZ,false
2529,0,350,AU,false
3329,0,418,GB,false
1835,0,798,GB,false
1079,0,407,GB,true
2049,0,554,GB,true
1926,0,872,GB,false
1701,0,588,GB,false
1509,0,329,GB,false
1199,0,953,GB,false
1687,0,161,GB,false
1467,0,480,GB,false
1079,0,672,GB,false
2109,0,455,US,false
1424,280,594,SK,false
4085,665,203,TW,false
1395,0,517,US,false
917,0,7,US,false
2926,0,475,US,false
595,0,977,US,false
4362,0,292,US,true
1505,0,749,PR,true
7856,0,618,US,false
1658,0,995,US,false
2609,0,357,US,false
998,0,839,US,false
998,0,726,US,false
910,0,245,US,false
1785,0,121,US,false
846,0,99,US,false
871,0,789,US,false
2876,0,103,US,false
1009,0,855,US,false
1253,336,325,SE,false
1661,0,481,GB,false
1009,0,217,US,false
1743,0,805,US,false
1050,0,343,US,false
1535,0,271,US,false
1078,0,63,US,false
2938,0,768,US,false
3208,0,30,US,false
2060,0,668,US,false
1606,0,427,US,false
1351,0,111,US,false
1395,0,260,US,false
6033,0,948,AU,false
2304,304,683,IL,false
4061,293,453,NO,false
3340,0,461,IE,false
5859,0,694,SE,false
1861,0,42,NO,true
1683,0,559,GB,true
3267,0,255,NO,false
2079,0,805,NO,false
1782,0,18,DE,false
2177,0,96,NO,true
2861,373,659,GB,false
1764,0,658,AU,false
2403,0,575,AU,true
1803,0,9,GB,false
4283,0,994,SE,false
2631,0,819,GB,false
2544,0,615,AU,false
1754,0,321,GB,false
1085,0,564,SE,false
1147,0,832,GB,false
950,0,740,SE,true
2165,0,584,AU,false
3257,0,433,SE,false
2257,0,984,AU,false
1681,120,806,SE,false
1663,270,456,GB,true
4278,0,407,SE,false
2593,0,644,NZ,false
3549,0,577,NZ,false
3899,0,169,NZ,false
3668,300,23,PL,false
3100,1258,919,DE,false
1277,0,259,GB,false
7295,0,646,GB,false
1073,0,960,GB,false
2049,0,432,GB,true
1836,0,570,US,true
761,0,940,US,true
2131,0,730,US,true
3250,378,424,RU,false
2431,0,497,US,false
1872,0,625,US,false
1956,490,407,DE,false
3507,0,107,US,false
2500,0,373,US,false
7242,0,127,US,false
2938,0,67,US,false
32106,0,135,US,false
4361,0,965,US,false
731,0,133,US,false
1648,0,844,US,false
1533,0,846,US,false
699,0,489,US,false
871,0,683,US,false
1416,0,569,US,false
12809,0,666,US,false
1489,0,533,US,false
1006,0,148,US,false
2349,0,7,US,false
1645,0,812,US,false
772,0,374,US,false
5108,0,793,US,false
2793,869,705,CA,false
738,0,256,US,false
871,0,528,US,false
871,0,731,US,false
1216,0,141,US,false
1044,101,101,IL,true
1044,101,649,IL,false
3205,373,436,GB,false
6741,0,447,SE,false
2290,0,564,IE,false
2436,188,696,BG,false
2895,0,146,AU,false
2111,0,519,AU,false
1080,261,543,GB,false
2679,0,660,AU,false
4651,0,663,CA,true
2832,0,652,AU,false
3040,0,430,AU,false
5672,720,314,GB,false
2832,0,99,AU,false
2839,0,59,AU,false
1456,0,242,CA,false
1213,0,62,SE,false
4282,0,999,AU,false
3492,1352,439,NO,false
4148,877,345,GB,false
4138,0,621,SE,false
1200,133,685,TR,false
10143,0,444,NO,false
2149,0,263,NZ,false
14952,399,12,US,true
4751,1695,863,NO,false
2750,2750,294,FR,false
4265,0,821,GB,false
3645,0,953,GB,false
1687,0,732,GB,false
1079,0,331,GB,false
800,0,706,US,false
2102,0,441,US,false
1282,0,28,US,false
1050,0,572,US,false
969,0,614,US,false
2291,0,520,US,false
9248,1279,365,BR,false
703,0,250,US,false
1296,0,466,US,false
1923,0,616,US,false
1243,0,506,US,false
2796,0,77,US,false
1875,0,907,CA,false
3822,0,542,US,false
1980,0,139,US,false
2449,385,773,CA,true
1739,0,430,US,false
2655,0,230,FR,false
1178,0,501,US,false
664,0,444,US,false
1257,0,944,US,false
1697,0,943,US,false
1464,0,421,US,false
1257,0,527,US,false
2084,0,220,US,false
2178,0,450,US,true
1698,0,576,US,true
2408,0,900,US,false
844,0,918,US,false
1496,0,346,US,false
4223,351,313,RU,false
1826,0,846,AU,false
3414,0,266,AU,false
13609,506,441,SA,false
1786,0,981,RU,false
2152,0,679,AR,false
1031,97,79,CA,false
2862,446,387,GB,false
10858,0,652,AU,true
1695,0,901,AU,false
13793,0,257,GB,false
5182,0,780,LV,false
1601,92,513,CA,false
2617,0,726,AU,false
1842,0,191,FI,false
3073,0,104,DK,false
6012,0,263,GB,true
4790,187,67,DK,false
2529,360,913,GB,false
2621,0,741,NZ,false
32499,0,869,AU,false
1687,0,843,GB,false
2856,842,204,BR,false
1079,0,285,GB,false
1079,0,583,GB,false
5566,0,518,GB,false
677,0,604,GB,false
2600,0,819,AU,true
1648,0,130,US,false
664,0,101,US,false
1915,0,759,US,false
595,0,515,US,false
1308,0,957,FI,false
1284,0,560,US,true
2328,0,22,US,false
1510,135,381,CA,false
2756,0,41,US,false
3809,0,355,TH,false
1464,0,375,US,false
1856,0,930,US,false
1353,0,299,US,false
2735,0,313,US,false
1453,364,268,SE,false
919,0,281,US,true
2266,0,934,US,false
9786,0,224,US,false
4388,0,852,GB,false
982,0,175,US,false
1303,0,669,US,false
2471,0,144,US,false
2522,0,709,US,false
2497,0,184,US,true
1785,0,118,US,false
1081,279,591,CA,false
1078,0,174,US,false
4574,0,986,AU,false
2756,0,170,AU,true
6035,0,360,AU,false
1233,0,310,AU,true
3787,373,661,CA,false
2072,0,772,AU,false
1233,0,715,AU,true
2507,0,641,CA,false
2689,0,755,AU,false
1494,0,582,AU,false
982,62,265,CA,false
909,0,795,DK,false
1046,0,730,DK,false
9223,1224,724,SG,false
1471,184,190,MY,false
5346,494,102,QA,true
3364,0,232,AU,false
2108,0,501,AU,false
4283,0,434,NO,false
3132,619,731,FR,false
3271,0,999,FI,false
2679,195,395,RU,false
2888,360,523,GB,true
4646,465,383,GB,true
2287,0,568,DK,false
4362,0,362,AU,false
1954,0,768,IE,false
2694,0,334,GB,false
5685,0,447,AU,true
2771,399,487,US,false
4086,280,228,GB,false
4265,0,955,GB,false
3645,0,101,GB,true
1254,0,321,GB,false
1792,0,191,GB,false
4265,0,754,GB,false
4265,0,613,GB,true
2128,662,871,CA,false
2796,0,35,US,false
3186,0,824,US,false
1204,0,353,US,false
1953,903,289,DK,false
1782,0,326,US,false
2093,570,601,SG,false
2188,0,483,US,false
1106,0,774,US,false
937,0,366,US,false
2428,826,991,CA,false
2334,0,533,US,false
1353,344,210,NO,false
1621,0,195,US,false
1027,0,817,US,false
664,0,776,US,false
3238,0,403,US,false
1877,0,683,PR,false
1395,0,341,US,false
733,0,347,US,false
1143,0,526,US,false
738,0,878,US,false
2193,0,957,US,false
1213,0,274,US,false
1143,0,606,US,true
1069,0,54,US,false
5225,0,578,US,false
3780,0,491,RU,true
5588,0,144,AU,true
2216,0,324,NO,false
3117,0,859,NO,true
4681,0,414,AU,false
1337,0,146,GB,false
2150,92,48,NO,false
3061,0,611,AU,false
1682,0,178,AU,false
9878,0,885,FR,true
1929,0,227,AU,false
2688,495,356,GB,false
3349,0,720,NO,false
10512,0,486,UA,false
1004,0,754,AU,false
3384,275,955,UA,false
1028,0,361,AU,false
2855,1040,267,NO,false
2927,0,832,AU,false
1013,0,408,AU,false
2182,360,272,GB,false
1704,0,495,AU,false
1500,0,958,AU,false
1079,0,751,GB,false
3049,0,652,US,false
1742,0,641,US,false
1949,0,320,US,false
1080,0,318,US,false
3357,0,159,US,false
3809,0,169,US,false
802,0,786,US,false
1811,0,408,US,false
777,0,691,US,false
2139,441,466,FR,false
1860,0,641,US,true
2606,0,982,US,true
1671,0,890,US,false
1213,0,76,US,false
1316,0,440,US,false
1398,0,686,US,false
846,0,77,US,false
1980,0,297,US,false
3613,0,947,US,false
772,0,335,US,true
1398,0,851,US,false
1869,0,149,US,false
1213,0,171,US,false
3263,391,915,JP,false
2193,0,847,US,false
1606,0,856,US,false
4301,0,647,AU,false
974,0,599,GB,false
2011,0,569,AU,false
3171,0,425,AU,false
1852,0,955,NO,false
13513,7760,318,GB,false
2724,270,460,GB,false
3641,1413,875,NO,false
1080,261,497,GB,false
13925,3076,572,JP,false
1161,0,400,NO,false
4327,0,454,AU,false
5849,519,37,RU,false
2269,0,610,AU,false
2835,0,270,AU,false
6252,598,639,RU,false
1878,109,716,HR,false
2579,0,854,AU,false
2558,0,793,AU,false
4187,0,380,RU,false
1638,0,80,GB,false
2369,0,110,AU,false
1534,0,369,DK,false
18560,3900,19,DE,false
2300,789,46,IL,true
1738,0,701,GB,false
2604,0,916,AU,false
3961,0,99,AU,false
2336,0,644,AU,false
1829,302,342,RU,false
8861,0,705,AU,false
1999,0,324,NZ,false
3566,399,821,US,false
3537,399,676,US,false
1796,402,460,NL,false
3464,0,656,GB,false
2786,0,336,GB,false
2168,0,477,GB,false
4290,0,41,US,false
3259,966,484,RU,false
1329,0,834,US,false
640,0,494,US,false
989,195,888,CA,false
2344,0,426,US,false
2904,0,101,NL,false
2747,0,97,US,false
2905,938,934,CL,false
8902,0,883,US,false
871,0,375,US,false
2042,0,180,US,true
1602,0,51,US,false
1353,0,350,US,false
6999,0,205,AU,false
1315,149,752,CA,true
3364,453,443,SE,false
1689,0,651,AU,false
1479,0,394,AU,false
1544,0,625,AU,false
1257,0,334,AU,false
1058,0,722,GB,false
2907,0,720,AU,false
1829,0,181,AU,false
847,0,969,AU,false
1019,0,780,AU,false
1686,0,106,AU,false
3030,0,4,AU,false
1386,0,130,AU,false
1608,0,428,AU,false
1909,0,975,AU,false
2660,0,674,AU,false
3599,0,30,AU,true
1527,81,502,BN,false
969,0,283,AU,false
2709,0,855,AU,false
3151,0,699,AU,true
1531,0,601,AU,false
1822,0,129,AU,false
984,0,45,AU,true
889,0,692,AU,false
1406,0,747,AU,false
2189,0,965,AU,false
2921,0,619,AU,true
1922,0,73,AU,false
1094,0,827,AU,true
1186,0,58,AU,false
2653,0,662,AU,false
820,0,70,AU,false
1632,0,370,AU,false
1201,0,402,AU,false
2263,0,316,AU,false
819,0,395,AU,false
4952,0,654,AU,false
1132,0,881,AU,false
2322,0,856,AU,true
2382,0,334,AU,false
561,0,643,AU,false
2273,0,227,AU,false
2045,600,523,DE,false
10914,4520,898,IL,false
2679,0,360,AU,false
3038,0,769,AU,false
949,0,365,AU,false
5352,0,17,AU,false
1340,0,50,AU,true
3199,0,803,NZ,false
3152,280,802,GB,false
1732,280,24,GB,false
1956,0,242,AU,false
1014,0,386,GB,false
1823,0,157,US,false
1846,300,518,RU,false
1559,0,439,US,true
2232,0,677,US,false
558,0,918,US,false
4889,0,363,US,false
2743,0,628,US,false
2155,0,666,US,false
1496,0,7,US,false
1654,0,139,SG,false
2818,0,590,AU,false
1031,0,958,AU,false
1185,0,893,GB,false
2121,0,354,AU,false
3305,0,700,AU,false
7267,0,115,AU,false
1091,0,895,AU,true
1690,0,970,AU,false
1365,0,383,AU,false
8523,0,554,AU,false
2309,0,83,AU,false
7833,0,597,AU,false
4598,0,602,AU,true
3192,0,72,AU,false
967,0,962,AU,false
1080,0,628,AU,false
1836,0,286,AU,false
3920,0,786,AU,false
3036,0,360,AU,false
2987,0,771,AU,false
1578,0,420,AU,false
5625,0,45,RU,false
2400,0,69,AU,false
2499,0,917,AU,false
1264,0,807,AU,false
1395,0,80,AU,false
1518,0,263,AU,false
3400,0,281,AU,false
11338,0,972,AU,false
3478,0,939,AU,false
1952,0,101,AU,false
2724,270,466,GB,false
1408,0,945,AU,false
644,0,768,AU,false
2406,0,89,AU,false
896,0,792,AU,false
1825,0,243,AU,false
2871,0,495,GB,true
4804,0,227,AU,false
2338,0,853,AU,false
2011,158,176,IL,false
2066,0,677,AU,false
1692,0,284,AU,false
2299,0,306,AU,false
4831,0,263,AU,false
1068,0,241,AU,false
3978,0,214,AU,false
1279,0,905,AU,false
656,0,267,AU,false
6664,0,936,AU,false
1963,0,383,AU,false
1610,0,850,AU,false
4267,507,707,TH,true
1744,0,799,AU,false
1900,0,812,AU,true
932,0,242,AU,false
8126,0,287,AU,false
1947,0,287,AU,false
1563,0,876,AU,false
4590,0,58,AU,false
2161,0,224,GB,false
3182,0,734,AU,false
4175,0,945,RU,false
2203,102,356,IT,false
1826,0,268,AU,false
2524,0,880,LT,false
4021,0,312,AU,false
1878,0,24,AU,true
2069,0,639,AU,false
2608,0,930,AU,false
2103,0,932,AU,false
1162,0,336,AU,false
2092,0,9,AU,false
1259,0,144,AU,false
5602,0,667,AU,false
1692,0,385,AU,false
2544,0,309,AU,false
2683,0,415,AU,false
3440,300,102,DE,false
6475,0,204,AU,true
23028,0,966,NZ,false
6843,0,529,NZ,false
4972,0,365,AU,false
1079,0,183,GB,true
1188,0,187,US,false
1284,0,910,US,false
1752,0,605,US,false
3562,385,310,HR,false
7988,0,454,US,false
3316,435,831,FR,false
1009,0,710,US,false
3330,834,13,GB,false
937,0,858,US,false
2868,0,187,US,false
3455,0,844,AU,false
9729,0,350,AU,false
1727,0,60,AU,false
3318,0,999,AU,false
3453,0,443,AU,false
1914,0,424,AU,false
1479,0,69,AU,false
2596,0,509,AU,false
2572,0,54,AU,false
1386,0,453,AU,false
2189,0,119,NZ,false
2680,0,192,AU,false
3559,0,584,AU,false
8002,0,365,AU,false
3301,0,694,AU,false
1469,0,897,AU,false
3084,0,811,AU,false
1751,0,331,AU,false
893,0,990,AU,false
1094,0,846,AU,false
3555,0,169,AU,false
1674,0,598,AU,false
2182,360,840,GB,false
2067,0,588,AU,false
3244,0,618,AU,false
1162,0,458,AU,true
10948,0,135,AU,true
2127,0,449,AU,false
3176,0,318,AU,false
914,0,7,AU,false
1815,0,268,AU,false
2251,0,33,NO,false
1511,0,227,AU,false
2449,0,18,AU,false
2640,0,297,AU,false
7629,0,482,AU,false
1323,0,486,AU,false
2818,0,895,AU,false
2098,0,631,AU,false
1804,0,939,AU,false
1818,0,168,AU,false
1391,0,744,RU,false
2818,0,633,AU,false
945,0,341,AU,false
1385,0,779,AU,false
2802,0,740,AU,false
1552,0,52,AU,false
1491,0,330,AU,false
2574,0,811,AU,false
814,0,439,AU,false
6720,0,50,AU,false
1984,0,2,AU,false
848,0,597,AU,false
8700,1701,319,CA,false
7300,0,697,AU,false
1833,0,373,NO,false
1156,0,824,AU,true
1030,0,307,AU,false
2731,0,415,AU,false
969,0,122,AU,false
1634,0,583,AU,false
1868,0,981,AU,false
2115,0,404,AU,false
2077,0,849,AU,false
1994,0,496,AU,false
1213,0,788,AU,false
5562,0,505,AU,false
1947,0,503,AU,false
2116,0,15,AU,false
4423,0,761,AU,false
1162,0,324,AU,false
1365,0,323,AU,false
881,0,219,AU,false
4170,0,254,AU,false
1493,0,854,AU,false
7301,1175,945,GB,false
881,0,280,AU,false
2743,0,814,AU,false
1413,0,959,AU,false
1451,0,890,AU,false
1053,0,295,AU,false
3001,0,596,AU,false
11000,0,676,AU,false
2467,0,490,AU,true
2193,0,220,AU,false
2576,0,777,LT,false
1286,0,796,AU,true
1525,0,124,AU,true
1764,0,203,AU,false
1324,0,739,NO,false
1102,0,227,AU,false
1282,0,658,NO,false
2046,0,465,AU,false
3655,0,914,AU,false
2897,0,193,AU,false
1799,0,450,AU,false
14952,399,810,US,false
6299,0,342,AU,false
3265,0,209,AU,false
11843,0,905,AU,false
36587,0,317,AU,false
5205,0,887,AU,false
2049,0,4,NZ,false
2999,0,89,NZ,false
2149,0,659,NZ,false
2849,0,730,NZ,false
3829,0,944,AU,false
2299,0,364,AU,true
2795,0,436,AU,false
2722,0,4,AU,false
4265,0,168,GB,true
1445,0,148,GB,true
2600,0,304,AU,false
2600,0,447,AU,false
3801,0,766,NL,false
2590,0,529,US,false
6837,0,173,US,false
1967,0,519,US,false
6837,0,304,US,false
1456,0,110,US,false
2478,0,367,US,false
3996,782,986,GB,false
3763,0,427,RU,false
1517,0,250,NO,false
1524,0,914,US,false
2149,0,128,GR,false
762,0,197,US,false
2140,0,603,US,false
541,0,694,AU,false
1212,136,756,IL,false
2075,0,116,AU,false
3353,0,412,AU,false
2082,0,778,AU,false
6008,0,89,AU,true
898,0,688,NZ,false
1023,0,268,AU,true
656,0,904,NO,false
2741,0,774,AU,false
19515,0,577,AU,false
2050,0,5,AU,false
3921,0,910,AU,false
949,0,249,AU,false
1405,0,545,AU,false
2454,0,120,AU,true
2035,0,373,AU,false
2111,0,17,AU,false
2566,0,963,AU,false
1861,0,149,RU,false
1409,0,173,AU,false
1669,0,955,AU,false
7872,0,589,AU,false
1026,0,596,AU,true
1815,0,38,AU,false
1707,0,352,AU,false
1831,0,359,AU,false
9628,0,653,AU,false
10603,0,185,AU,false
11267,0,646,AU,true
4033,0,607,AU,false
1038,0,718,AU,false
1671,116,185,BA,true
2001,0,59,AU,false
984,0,461,AU,false
2063,0,234,AU,false
3704,0,305,AU,false
1428,0,694,AU,true
3214,0,439,AU,false
1752,0,100,AU,false
7580,0,959,AU,false
1168,0,328,AU,false
2650,0,612,AU,true
1819,0,684,FR,false
2505,0,491,AU,false
5083,0,183,AU,true
7858,0,52,AU,false
880,0,357,AU,false
1528,0,322,LV,false
2484,0,905,AU,false
992,0,303,AU,true
3752,0,613,AU,false
1692,0,928,AU,false
5239,0,116,AU,false
1575,0,865,AU,false
9515,0,383,AU,false
1405,0,500,AU,true
1204,0,67,AU,false
2124,0,771,AU,false
2079,0,60,AU,false
12339,0,194,AU,false
1150,0,156,AU,false
4314,0,212,SE,false
992,0,642,AU,false
2771,0,290,AU,true
1943,0,731,AU,false
2000,0,283,AU,false
4998,0,808,AU,false
3098,0,807,NO,false
1740,0,72,AU,false
1368,0,104,AU,true
1628,0,338,CA,true
2000,0,496,AU,false
1832,0,376,AU,false
3765,1538,695,DE,false
1405,0,831,AU,false
1094,0,534,AU,false
2204,0,664,AU,false
926,0,826,AU,false
1073,0,709,AU,false
1054,0,55,AU,false
1401,0,668,AU,false
1073,0,200,AU,false
1031,0,799,AU,false
1460,0,382,AU,false
2827,0,77,AU,false
6619,0,19,AU,false
3380,0,674,AU,false
4120,355,642,GB,false
2282,0,141,AU,false
1347,0,904,AU,false
2808,0,917,AU,false
2601,0,296,AU,false
2048,0,370,AU,false
1671,175,377,IL,false
2008,0,836,AU,false
2839,0,487,AU,false
2364,0,742,AU,true
673,0,712,AU,false
4748,0,851,IS,false
1793,0,760,AU,false
3437,0,796,AU,false
1946,0,280,AU,false
2694,0,157,AU,false
2049,0,471,NZ,false
4749,0,545,NZ,false
2799,0,114,NZ,false
3519,0,261,NZ,false
7652,0,946,NZ,false
1869,0,624,NZ,false
988,0,356,NZ,false
7687,2495,145,FI,false
2719,0,550,AU,false
2008,0,150,AU,false
6886,0,904,AU,false
4795,0,824,AU,true
20881,0,524,AU,false
2799,0,541,NZ,false
2299,0,573,NZ,false
1459,0,15,NZ,false
2149,0,132,NZ,false
4399,0,386,AU,false
2922,0,139,AU,true
1969,0,184,AU,false
3648,0,238,GB,false
5200,0,869,AU,false
1955,0,382,AU,false
2861,0,432,US,false
982,0,784,US,false
2275,378,7,TW,false
2867,0,83,US,false
1507,0,518,US,false
1552,0,107,US,false
1887,402,381,IE,false
2912,0,274,AU,false
746,0,788,AU,false
